customer_id,Total_Events_Per_Customer,Active_Days_In_Usage,Avg_Seats_Used_Per_Event,Avg_Daily_Events_Per_Customer
001351ef-7221-4d62-9e90-7f8e58b53d40,1948,337,1.4353182751540041,5.7804154302670625
00282d20-d113-40b5-9453-8d91ad07dd7a,195,146,1.0,1.3356164383561644
00303a26-e605-4c4e-9f99-a20bde8aba8f,52898,826,4.453703353623956,64.04116222760291
00b22712-bf4e-481a-b32b-2d7722be8440,88,54,1.0,1.6296296296296295
00d49c94-7392-4ef4-b534-83abe1ed363e,238,144,1.0,1.6527777777777777
00efca11-bda8-4924-9bc7-cd51042df929,390,291,1.0,1.3402061855670102
01a261f3-a6ec-4e02-a180-b5164b8390bf,63,48,1.0,1.3125
01cce9e0-8b24-4706-b75c-bb1d352cb068,23193,816,1.984434958823783,28.422794117647058
01f201e2-eba9-481b-9d97-7eaaa5478cd2,231,98,1.0,2.357142857142857
021a6460-7221-496d-97a0-57931d66e9fb,36570,826,3.896636587366694,44.27360774818402
027cf03b-ed92-4370-b4cc-6eda83d0ba4c,345,93,1.3391304347826087,3.7096774193548385
02b9b3a6-96da-47f5-93b2-aabead8b8767,616,119,2.060064935064935,5.176470588235294
02c82acf-6f91-4646-b896-689a8bf78076,34320,830,2.3792832167832167,41.34939759036145
02ecc74c-3f0e-4978-b589-667f8e644242,3673,426,1.2632725292676286,8.62206572769953
0310e530-6000-4105-8518-e48621e5e91b,897,86,6.528428093645485,10.430232558139535
03142a28-c52e-46cb-9f4f-2ec68d9fb1d8,57,35,1.0,1.6285714285714286
03357a93-3417-449c-b5b1-db8184da3328,403,209,1.3027295285359801,1.9282296650717703
035c88c9-3466-4b19-b807-f0ac8cf5c4a4,426,222,1.352112676056338,1.9189189189189189
03766a88-5b66-465c-956b-91ec459bf916,2699,635,1.43052982586143,4.250393700787401
03e57f39-bb89-4c0f-91ef-2974483b400a,4337,325,1.7811851510260548,13.344615384615384
03fca6d0-bb29-44d7-9da7-7ad326b2407f,113,54,1.0,2.0925925925925926
041a2c75-0009-4e6c-8b87-a339629bab21,15064,623,2.2215215082315454,24.179775280898877
04379bed-912b-4e1c-8ad6-310b3a69c5be,222,166,1.0,1.3373493975903614
0485ee48-6c2a-4d00-aafb-cda2835844d9,674,395,1.0652818991097923,1.7063291139240506
04b3565f-b210-4442-8bca-a64cde7ce62f,5881,556,1.1385818738309812,10.577338129496402
04b7d26a-1c9f-4c4b-9710-5c1b20178c4e,72,21,1.0,3.4285714285714284
04c231cc-f94a-4712-a720-a170a91c7a21,98,72,1.0,1.3611111111111112
04e2bdf7-f3f3-4a89-a974-ffa14162344a,792,223,1.2398989898989898,3.5515695067264574
05974734-e56a-4712-a811-8ac526101de9,176,52,1.0,3.3846153846153846
05c1a31e-6ee2-4cc8-8daa-01e8a4cc07fa,191,114,1.0,1.6754385964912282
05c3a1e3-7b8f-4cd7-83d5-2bc11b830fdb,130,67,1.4692307692307693,1.9402985074626866
05c8efc4-567d-4158-91b0-65d8876de8dc,50599,827,2.7961026897764776,61.18379685610641
05d1c264-bc61-431e-8c7e-d18feb238c9e,37,22,1.0,1.6818181818181819
06b78c7c-79e9-47b8-ba70-9a91253c8419,57386,1074,2.420363851810546,53.432029795158286
0717d623-f9c4-4644-8b91-9375e1cc58ca,6,5,1.0,1.2
0735f4fc-807b-485c-98ff-7872bf5bdb5e,1790,306,1.5396648044692738,5.849673202614379
0768ce5e-8fb5-473f-b66f-cf880f91f02d,20873,628,4.719062904230346,33.23726114649681
0792aabf-1576-4b90-a38e-55697e0a2b71,3335,268,1.9943028485757122,12.444029850746269
07b313de-75ba-4585-9c70-4673bc5ca07b,2197,425,1.3245334547109695,5.169411764705882
07e72370-06d3-4724-81dc-d1e2fb39ec37,3930,494,1.3368956743002545,7.955465587044534
08169d6b-186c-4863-b0d6-93ae68dca16a,726,118,1.3746556473829201,6.1525423728813555
083354f9-628b-44f0-b652-5ea659257e9c,306,198,1.0620915032679739,1.5454545454545454
08462a5d-c63e-43d8-9d07-f8a000775d22,1540,258,1.088961038961039,5.9689922480620154
08994d2a-0348-430f-b291-67e5d4d3f38e,17561,710,3.0969193098342918,24.73380281690141
08bd85d4-9268-470f-8e7f-5c62eeaa7558,69,54,1.0,1.2777777777777777
08f15672-8d95-4faf-92e4-9b742ca0aa18,11264,933,1.2946555397727273,12.07288317256163
08f2ea61-7356-4cf0-8508-784ef6e503ba,159,104,1.0,1.5288461538461537
09194126-eb52-4993-9450-fcfe78077a05,1,1,1.0,1.0
0966a54c-f68c-43b1-8594-a1611494cc3b,82,51,1.0,1.607843137254902
098d3d32-cc0d-4377-afee-c9c58c327fa4,941,219,1.0170031880977684,4.296803652968037
09c8f3aa-850b-41a4-8ed7-39f6ee2db02a,248,128,1.0080645161290323,1.9375
09ec7e4d-26ff-405e-b1c2-5810d7b70b6e,5745,501,2.900609225413403,11.467065868263473
09f1c4da-56bb-4c38-bc0c-05284e9e89af,76,57,1.0,1.3333333333333333
0a1cf0ba-d02c-428d-9d9f-eb0df9dd4079,166,129,1.0,1.2868217054263567
0a1d0e02-7980-4233-b85f-27406f44815e,5245,404,2.004385128693994,12.982673267326733
0a5c19c3-678a-4769-9ebd-a1dae1b1aeba,692,171,1.0,4.046783625730995
0a6fd3c3-7b3c-41cb-b2b3-bf6146c6e48a,2643,252,2.3968974650018917,10.488095238095237
0a8162a5-aaa2-4f59-983d-44426dd4dc1b,27146,845,2.6942090915788697,32.125443786982245
0a8f3efd-9e3c-4bd3-83a9-814b0bb54fc3,40852,718,3.238348183687457,56.89693593314763
0a994379-e7cb-45be-93de-972523c6431f,55,42,1.0,1.3095238095238095
0ab6d2dc-199d-4356-9399-78dd64574535,5642,216,4.033853243530663,26.12037037037037
0ad623bd-68a6-436e-b7e0-d4bd885401ad,10352,813,2.55370942812983,12.733087330873309
0b16de01-ad66-4a62-abe8-2e70a4cf169f,3984,213,2.2964357429718874,18.704225352112676
0b188cc0-b3fd-4025-96dc-53a4c46e9586,30855,1070,1.9140819964349376,28.83644859813084
0b263699-1fc4-41b6-a8ae-a3f07f0ee469,769,199,1.2106631989596879,3.864321608040201
0b2c2325-490e-4a8a-a821-64471a3eb763,5561,482,1.6245279625966553,11.537344398340249
0babf379-25d0-426a-b6ce-91f37a3fd81f,1768,154,1.915158371040724,11.480519480519481
0bd8accf-b538-4401-b241-b14423f06cdc,765,345,1.035294117647059,2.217391304347826
0bea9b5d-9f9a-4c19-a266-de5b910612c0,396,285,1.0,1.3894736842105264
0bff2c7d-a19c-40cd-9bd4-f03150183407,756,281,1.0,2.6903914590747333
0c230f2f-2498-4d7b-bec3-f3c269e453d0,3079,300,2.0454693082169535,10.263333333333334
0c52bc1b-8e14-45e4-a3da-30fe98886278,591,350,1.0,1.6885714285714286
0cea9dda-e3ac-4761-9c6b-2f41214eb559,6043,804,1.5712394506040046,7.516169154228856
0d79bcf9-c216-45f5-bc05-15bf66e0c5fb,7733,559,1.628992628992629,13.833631484794276
0d7ac1e7-9b43-40ba-994d-e3c1a1177dde,2289,124,7.408912188728703,18.45967741935484
0d9e3384-f6eb-47a1-9d3a-6090a77c8f07,37,26,1.0,1.4230769230769231
0db463bc-1046-470a-9f95-f1c6bbf69aa2,203,76,1.0492610837438423,2.6710526315789473
0dcdb588-92bf-40f2-9204-aef3a109c251,5236,476,1.8435828877005347,11.0
0dfa8c91-717f-4e24-acfd-d53795af983e,81,29,1.0,2.793103448275862
0e39af27-3da9-4eb4-bd1f-a534de2d6454,6174,227,4.765468091998704,27.198237885462554
0e9f4951-783d-4e63-a873-c1273a4bb85d,11124,467,1.828928443006113,23.820128479657388
0ea4f6a0-0cd0-4171-8e78-ad8c1da50dea,658,362,1.0,1.8176795580110496
0ec41a85-65c3-4aeb-81da-f24aaa3b32f8,13896,789,2.024251583189407,17.61216730038023
0fa48ab9-103e-4b20-8b63-2dcaa2d9fd51,32,22,1.0,1.4545454545454546
0feae1d7-1efb-42a9-b45f-abf09e67abaa,216,138,1.0,1.565217391304348
11047f7d-f6d0-4fa2-aa63-30f317ff56e4,1495,297,1.3311036789297659,5.033670033670034
111103b0-9b0d-48ac-9786-37633dc5a5c3,60,43,1.0,1.3953488372093024
112cae63-ef83-4cc9-b70c-1f62f9df63c0,2970,287,1.215824915824916,10.348432055749129
119be499-4489-43f4-9f88-d4c4c752f277,4775,369,2.4238743455497382,12.940379403794038
11dcfa0b-1877-489f-8479-0fc1c6e44373,19723,657,2.3887846676469096,30.01978691019787
12009247-bb95-426a-9d62-4050b240b2a2,2800,202,2.3075,13.861386138613861
12054c74-ed69-494b-a40c-d411a8f3e236,17259,681,2.0700504084825306,25.34361233480176
122bb358-2b4f-4c23-86a0-f3dbdf0393c3,25199,492,7.761379419818247,51.21747967479675
1242519a-5197-47e8-a7a0-415e6b6fbdf8,312,229,1.0,1.3624454148471616
12f82ded-4314-409a-b7af-af198a599888,37088,769,2.9210526315789473,48.22886866059818
1311042d-2405-416a-810e-8c4ce031964f,344,182,1.0,1.89010989010989
137424f0-40f4-41d2-a6c7-a2a076d07764,13013,558,1.5590563282870975,23.32078853046595
13b5efcc-d0c3-4966-9d8c-8fe930f18005,646,366,1.0,1.7650273224043715
13f370ed-f07d-4cd9-9ea9-34b15191731e,5861,433,2.0206449411363248,13.53579676674365
13f5b657-da09-4e55-8f93-4124a3fb65c1,127,82,1.0,1.548780487804878
143c3d68-89a7-48bd-8775-cd43f7989b86,26474,905,3.2655813250736574,29.25303867403315
146c1430-c868-48db-a88d-3584d169cd14,3480,650,1.3787356321839082,5.3538461538461535
14775c8e-e74e-404b-a81e-8e9f6734f439,228,92,1.0614035087719298,2.4782608695652173
148847c0-4022-4852-8069-9a002dc30e7e,3078,382,1.1998050682261208,8.057591623036648
14df0a02-9c77-4d76-bef6-7d3df6a370dd,18927,865,1.6767052359063772,21.88092485549133
14ff3001-adfd-4b5f-90d2-25ea510f6ce1,181,100,1.2430939226519337,1.81
150768ef-7147-4b87-8b0f-28bde76b0d73,5340,540,2.0181647940074905,9.88888888888889
1577a28f-aa31-44fe-9e28-01216a9579d2,291,156,1.0,1.8653846153846154
15dd041e-645a-4eb3-8a4c-764b677ac108,8055,303,3.435133457479826,26.584158415841586
16b4359a-03c4-4efb-a520-5d48c21c0d04,247,84,1.2753036437246963,2.9404761904761907
173acd9b-928c-47e0-902a-93729b923f8e,190,76,1.0,2.5
173ef6e5-75c4-485a-be64-3fb21ed906af,10374,889,1.9975901291690765,11.669291338582678
179c4f59-c52a-4440-b495-a3e5e32e52ff,46144,818,3.490507975034674,56.41075794621027
17b11ca7-ea64-4143-9266-802e81c8362c,295,172,1.047457627118644,1.7151162790697674
17b1cdcd-3bf9-4afb-a248-9a10c7fc1de6,324,32,4.6265432098765435,10.125
17cf56b3-2b1e-4761-aee4-0737fc6e270a,34274,760,2.740357122016689,45.09736842105263
1896e586-e78f-4651-8a48-a53070b7f302,103,43,1.0679611650485437,2.395348837209302
18993d62-d8f7-4958-b3c6-8f0d164327c6,3270,296,1.8960244648318043,11.047297297297296
18e3d533-b8b6-4a60-b698-7929dfa6997c,12177,558,2.9986860474665353,21.822580645161292
18e46bfe-fcc2-472b-8cae-a21e22b67765,85935,932,6.670937336358876,92.20493562231759
190a2bab-e5c1-454a-9ac1-0eb0ecdb7970,3860,238,1.7323834196891192,16.218487394957982
191ce24c-1ef0-42ee-b9c6-ebac97159f0c,9093,367,1.9384141647421094,24.77656675749319
19f909f3-b0a8-4c9d-8f29-1b93826a22eb,17247,804,2.00753754276106,21.45149253731343
1a5efbf3-d601-48a2-a88c-f3e4c7222465,3528,307,1.1669501133786848,11.49185667752443
1a7d9364-4380-4c9d-8523-515e4fb88dcc,2119,170,1.7508258612553091,12.464705882352941
1ac74f97-a3f3-4267-8235-20f7985d9e76,9905,508,3.8781423523472993,19.498031496062993
1afd3a07-2bbe-4832-a88c-768779575846,598,257,1.0,2.3268482490272375
1c0420fa-bd14-4630-9ea0-6e0e4d952bf5,5642,367,1.3358738036157392,15.373297002724795
1c0789ee-a3c6-4e10-85da-09a2ef5d53bc,7084,475,1.984472049689441,14.913684210526316
1c5648bc-194e-4e09-9f35-dc6e1cce28f7,569,180,1.3462214411247804,3.161111111111111
1c759732-14f4-4d75-972f-602acbcf230d,51,40,1.0,1.275
1cefc346-abfe-4aee-843f-c402cee84c0d,677,224,1.0649926144756279,3.0223214285714284
1d18de14-7019-4b91-a49e-d13a6ce5ae91,13033,397,6.647817079720709,32.8287153652393
1d1e2ddc-0d5e-4c0d-94cb-00d440df373c,94,76,1.0,1.236842105263158
1d448336-78fa-44de-86a2-99c0fd3c3c9b,460,265,1.0,1.7358490566037736
1d6b14b7-39f8-442f-b2ab-2735078b1b19,12514,667,1.8783762186351287,18.761619190404797
1db3e3f2-f4b1-48b6-96c4-4874353692e1,63468,1026,3.956198399193294,61.85964912280702
1ddc38d2-447c-4496-9e53-7f6a6a594267,20037,670,1.849029295802765,29.905970149253733
1e25257b-6a4f-4252-8689-ca96c777ab8d,20045,821,1.8868046894487402,24.415347137637028
1e6de4db-6e38-4bbf-907e-5c3a06d41344,522,117,1.4846743295019158,4.461538461538462
1e7ea109-5783-4047-8196-c4dda2ba9e77,10804,579,1.8143280266567938,18.659758203799655
1ea13390-fb76-4560-a574-2c00b35e43c5,4254,468,1.1250587682181477,9.08974358974359
1ea82fe7-3ffa-43a1-a002-c5ddf41b911c,498,300,1.0,1.66
1ed3cf4b-100d-48a6-a7c3-d6842443ad45,22,16,1.0454545454545454,1.375
1ef1ed66-7dea-4a03-a6a5-e8f3a4d118a3,1656,472,1.3170289855072463,3.5084745762711864
1f434c80-59b1-4014-b53f-6e3a644db272,1522,298,1.2555847568988174,5.10738255033557
1f853416-eedb-48da-b252-a807b745fefa,496,70,2.342741935483871,7.085714285714285
1f9e0466-68c8-421d-b57c-2dd3974f59f1,309,236,1.0,1.3093220338983051
2000849d-e12f-4ce1-a3d4-c10974b4e7ae,103,79,1.0,1.3037974683544304
203eb5bd-13dd-4196-8ff8-361fd00fb4ba,8,4,1.375,2.0
2047583e-e19b-47df-9a26-25ad6e6cdd76,203,33,1.0591133004926108,6.151515151515151
20b232e2-1643-4a31-a5dd-dce80cb7a8d5,211,27,2.3364928909952605,7.814814814814815
20d20545-1b08-409c-932c-49daf1f31da3,1004,90,5.383466135458168,11.155555555555555
20dcc26e-fc80-450d-997a-c754682d4a6b,4906,475,2.5364859355890745,10.32842105263158
21463338-256d-4142-9122-b909e157a924,163,100,1.0674846625766872,1.63
216afc95-9cc2-4a2b-9bb9-e4d7257ee0ef,1779,224,1.026981450252951,7.941964285714286
21cfe111-0178-4d8c-bbdf-37bf6ac6c899,582,93,1.2061855670103092,6.258064516129032
22522014-6f5f-4871-b3b6-341ae2995fa8,479,88,1.4634655532359082,5.443181818181818
22add8a9-3fc1-496c-9d74-12a0d1da5d9e,135,102,1.0,1.3235294117647058
22c5f45b-b2a8-4f71-bdb8-d9886a368e25,1078,565,1.3172541743970316,1.9079646017699115
22c93e00-cbbf-47e5-8ca2-55ca98631e36,134,13,1.3955223880597014,10.307692307692308
2320da19-b236-43df-b6b3-13a4e4c0a6f1,957,271,1.2309299895506791,3.5313653136531364
23336fd7-b6aa-4e54-b711-8dbf018dee03,293,220,1.0,1.3318181818181818
23af3011-b242-4ee8-82c0-413c0bdc7b2b,63,52,1.0,1.2115384615384615
2419f1b3-c448-4cf8-a195-5f933e1d8a05,21466,665,1.8935525948010807,32.2796992481203
24818064-6441-4b2c-85f2-cbd10c650d3b,1232,181,1.5089285714285714,6.806629834254144
2486dafd-c855-42fc-a6da-7e08bca8a033,549,195,1.041894353369763,2.8153846153846156
2499666f-21cf-4bd6-b5da-03766f302fc4,4536,432,1.1765873015873016,10.5
24a38e00-bfa2-42d2-868b-492469fc0019,4369,432,1.3273060196841382,10.113425925925926
250766eb-9ce2-45ae-840b-5518c28ee4f5,1445,367,1.4207612456747405,3.9373297002724796
251dd146-db06-46a1-9c25-c5e1c1826bef,106,82,1.0,1.2926829268292683
2562f67d-950e-41ce-afee-f82e4c005fc3,1500,232,2.4133333333333336,6.4655172413793105
25741036-3bb6-4509-aa45-415dc1b71740,5,5,1.0,1.0
25b9f542-3134-4385-9769-b5b7eb59a30e,18986,721,1.443695354471716,26.332871012482663
25fcb301-eea4-4fa7-81ad-98b076e1e2f5,189,83,1.3386243386243386,2.2771084337349397
260ea40f-8d35-4fda-aa91-a36defc7323b,35898,808,2.2521031812357233,44.42821782178218
2623a914-caac-4c56-a983-59055770af46,86,67,1.0,1.2835820895522387
263e51dc-b7b6-4911-b179-9a5308f5e359,4459,392,2.5826418479479702,11.375
27239e47-7ac7-4c7b-b139-3968789a0fa0,665,94,2.2345864661654136,7.074468085106383
274c368f-d6bf-451a-9351-001fd9bce46f,55,45,1.0,1.2222222222222223
275d91e5-35dd-407e-a638-a0999925eded,21134,539,3.3705876786221256,39.20964749536178
277f9855-b431-4586-a88b-5d4feace1dc1,10,3,1.0,3.3333333333333335
27caad19-0554-4198-9f8a-f38a4c8cec25,316,214,1.0,1.4766355140186915
27e71a24-b412-4819-a503-179303872aae,5549,311,5.225626238961975,17.842443729903536
27eeca7a-c2bc-435a-9d30-d96558235fba,2530,394,2.7351778656126484,6.4213197969543145
28575d20-f8e5-4009-b8fd-131a7a7dd62b,9863,447,1.7379093582074419,22.064876957494405
2869af67-cf29-46ed-8670-6a1f99ad2b2c,1598,209,1.3967459324155194,7.645933014354067
28b81e5c-7c26-4322-86a5-5aa676ade139,14125,928,2.145699115044248,15.220905172413794
28c9ba10-2254-4bfa-aa3b-f46088a75ec8,51,27,1.0,1.8888888888888888
28d6461f-9f11-4e38-bfa4-50379fe302f1,69,45,1.0,1.5333333333333334
29882280-cdd5-4868-b4d2-36525b36750d,1542,189,1.1167315175097277,8.158730158730158
2a44551d-a7d2-4318-a04c-1028343b7357,1520,221,1.355263157894737,6.877828054298643
2a941bfa-8e7e-4eb6-b19a-d8cb529a8f57,602,196,1.1212624584717608,3.0714285714285716
2aa4f822-dd08-4f39-8157-9a7d52272e24,19211,1006,1.9574202279943782,19.096421471172963
2abb76bb-b587-450a-aba2-1a7935f90232,92,37,1.1630434782608696,2.4864864864864864
2b072797-4dd4-4cfd-ba0a-1cef230de083,88,54,1.0,1.6296296296296295
2b27cf54-0f8c-46b6-9b46-c28b501545c1,4350,334,1.329655172413793,13.023952095808383
2bfd457c-159b-408c-897a-ded119e695d8,58,21,1.1206896551724137,2.761904761904762
2c3208f8-f1af-45ff-a449-2bf068c6dffd,3219,283,2.3255669462566013,11.374558303886927
2c8c9801-5ca9-46d3-b549-1239372ec150,13239,689,2.0216783744995848,19.21480406386067
2ca56782-b1ff-42e6-894f-9b5384503e07,1219,421,1.114848236259229,2.8954869358669835
2cfaf82b-55a1-4f8e-abcb-9a6d08037192,10802,585,1.3653027217182003,18.464957264957263
2d01951f-c82c-490d-a2b7-73ae3d4d11e3,6799,397,3.5349316075893515,17.12594458438287
2d45df27-01e8-4af3-951e-fa92f13e2dfe,2911,321,1.1645482652009618,9.06853582554517
2dbf74b7-fee6-4707-829f-cefa7a659bec,4960,432,1.5941532258064517,11.481481481481481
2e995e25-43a1-4e2b-a0bf-e00194d7cb81,21230,649,1.9632124352331606,32.71186440677966
2e9fc4f5-a35a-4154-bd43-9c96c85a294e,129,101,1.0,1.2772277227722773
2ecba83a-8362-4738-8ed4-39b45ac29a7c,34,27,1.0,1.2592592592592593
2f3547f1-97ba-4a3f-af8d-c6165e723d50,1170,346,1.117948717948718,3.3815028901734103
2f4b4273-2744-48fc-b391-3aa5b3b071ae,197,32,1.0,6.15625
2fa885c7-1386-4028-a066-c6c41cc16a0f,7622,833,1.2406192600367358,9.150060024009603
2fcd789f-5615-49bc-8c06-1c59aee5c8d0,4366,297,1.7432432432432432,14.7003367003367
2fcf5f3f-5ac1-4220-90f1-370491847bb2,417,179,1.0,2.329608938547486
302165fc-a71e-46bf-9cbc-588dbbfea7ee,2004,387,1.0,5.178294573643411
304dee59-20d8-4f06-ac18-cd30b574a436,77,54,1.0,1.4259259259259258
306addda-e678-474c-a08a-e1097eaa0664,537,161,1.0,3.3354037267080745
306d6921-93ca-409a-ae90-75c00afac985,2015,286,1.1786600496277915,7.045454545454546
30bbc25b-d388-4faa-a53b-9068892de861,133,109,1.0,1.2201834862385321
30e9f4c5-d5de-460c-b7f7-51fc5ebb7cce,271,203,1.0,1.3349753694581281
3102eab0-c42a-4f7b-9f62-51cb2b8f0999,4387,752,1.01641212673809,5.8337765957446805
310baf40-9f9a-4623-bc39-b4afd191f5b3,285,144,1.3614035087719298,1.9791666666666667
310c28dd-e298-4d5a-81bd-9042ca968846,1765,357,1.401699716713881,4.943977591036415
3179446d-87e4-4a24-babd-228333ac6e50,4498,707,1.6425077812361049,6.362093352192362
31e0c2f3-3b34-49cf-adc1-960977737e7c,1485,386,1.3892255892255891,3.8471502590673574
3355b942-748a-477a-a4f4-5fcc08d3efdb,10341,410,1.8246784643651484,25.221951219512196
335ac4cc-f0be-4b1f-b6fc-55e2c2c6d8c1,49507,1037,2.4345446098531522,47.74059787849566
33b4dcd9-f702-4afa-8da6-cdcae04aa507,97,72,1.0,1.3472222222222223
33cd29d5-fbb0-410b-9030-1ef2be890f73,2677,577,1.2730668658946582,4.639514731369151
3430638b-2b78-4fb6-8d6a-8e03ca0dde4b,210,73,1.1523809523809523,2.8767123287671232
346086cf-b7d1-443d-a389-778f97f42a7e,253,108,1.0,2.3425925925925926
348e4925-806d-45f1-89dc-307c7749ab02,208,130,1.0,1.6
34a0be9d-ad0b-4e69-bd81-36cf689fe19b,148,64,1.0,2.3125
34c9935e-9e5d-461e-9853-643f5642ac7c,2596,316,1.2126348228043142,8.215189873417721
35013692-d25a-4c6c-a218-db567ad44ff6,117,67,1.1965811965811965,1.7462686567164178
35030f6d-bc0b-4e80-b69a-771bf1c0abc9,13946,661,1.3380180696974042,21.098335854765505
350d78ea-2cc7-4304-8ec5-19f3df235b51,1002,178,1.0,5.629213483146067
354fbd17-67b5-4a80-a841-0981eda21b5d,8,7,1.0,1.1428571428571428
35cc61ed-dcc0-4237-ab01-b685071350eb,13467,419,5.619959901982624,32.140811455847256
35db8a28-191a-4af3-a8e8-49146573b077,134,82,1.0,1.6341463414634145
35ddbaf5-6fe5-4bdc-8828-3938f3df344d,2841,251,1.9802886307638154,11.318725099601593
373b41dd-57a2-4f3d-8fff-e371e8d4c1a7,16031,746,2.4401472147713803,21.489276139410187
37ba5ffb-e937-439f-8964-a138d4910781,2620,251,1.7442748091603053,10.43824701195219
38156192-c61e-406e-89b3-7c0e2456e670,102,77,1.0,1.3246753246753247
383dda89-f929-42e2-9afd-4f2fca695823,4961,584,1.9860915138077,8.49486301369863
3894781a-f117-42fd-871a-f5b36f30fbc0,9389,303,4.288103099371605,30.986798679867988
38cdc899-4172-4a68-a3ed-41d3f755f867,9981,595,2.2043883378418996,16.774789915966387
38d1a72f-a2ff-4184-9e1e-0aa035d64adf,70,48,1.0,1.4583333333333333
38e2a624-1e92-425f-9cc8-f4e8f7fc19f0,29,22,1.0,1.3181818181818181
3911ad4d-6ecd-4754-afbe-12e3a49576a9,1928,199,1.387966804979253,9.688442211055277
39b6b4b9-755b-424e-a6d2-84c5c237fafc,258,78,1.0,3.3076923076923075
3a7cf84b-7d0e-46cb-b29a-05b2c2cfa31b,1360,366,1.161029411764706,3.7158469945355193
3b1e57f1-4425-4f17-958f-d20e4b5a8abb,10907,908,1.6353717795910883,12.012114537444933
3b4ba37e-3df5-4c07-9191-5474210af27e,857,484,1.1901983663943991,1.7706611570247934
3bcfc6fd-6188-4399-bea5-886d8659f741,64938,923,3.931950475838492,70.35536294691224
3beb4f43-d77b-4a77-ab0d-2fd82683ba0d,43248,878,2.55933222345542,49.25740318906606
3c0e12b9-d05b-4a9a-bfa3-b8533213aa08,40,24,1.0,1.6666666666666667
3c1cbf06-dc19-4d96-a70c-2b53e68cf980,1785,205,1.1988795518207283,8.707317073170731
3c91887e-0e00-4ddd-a538-d054f161ec2c,293,60,1.0,4.883333333333334
3cb733bc-2338-454e-a9ae-569e9ae38b76,3350,429,1.108358208955224,7.808857808857809
3d0e5539-c4dd-45db-bfea-068bde4bfd44,364,295,1.0,1.2338983050847459
3d46180e-5317-406f-901b-6ecc1f251f16,2681,383,1.0749720253636703,7.0
3d4d3d8f-9982-4da7-88f4-7f0958749fcb,24180,725,3.249503722084367,33.351724137931036
3d5ceca1-2736-4369-87de-c0b69c039ce0,1040,229,1.1682692307692308,4.541484716157205
3d79e20a-6f3c-47d2-9adc-55d45ceb0c27,2624,232,1.892530487804878,11.310344827586206
3dd4df73-888a-4199-bab0-617d517df328,19,15,1.0,1.2666666666666666
3e27f490-16a5-46d4-bff5-9c7fb57eabcf,17,12,1.0,1.4166666666666667
3e424655-6a6b-4861-bc42-104623094a6f,1222,339,1.4247135842880523,3.6047197640117994
3e4d5445-bb52-4de5-a07d-f9feaa16dd6b,24,22,1.0,1.0909090909090908
3e7b0680-cf5d-4f6e-af3a-713dc765095c,801,186,1.013732833957553,4.306451612903226
3eab8845-e952-412a-a001-5bc9c049e024,49,38,1.0,1.2894736842105263
3f1158ef-6fb2-4471-9789-0bd36809bd14,807,88,3.898389095415118,9.170454545454545
3f2879e2-aba6-4ee8-bcee-b4116e58861a,437,53,1.2906178489702518,8.245283018867925
3f2bf559-4fbd-4bf3-ae9a-b288d1190ad4,49,38,1.0,1.2894736842105263
3f453669-923a-4bab-9985-2b4cfa01c1ff,10314,493,3.7937754508435138,20.920892494929006
3f455c74-669e-496c-a36c-c2f703c074bc,6398,396,1.3290090653329165,16.156565656565657
3f528c15-d116-42fc-926b-b4f7b305840f,2779,331,1.1090320259086002,8.395770392749245
3f587b8a-58ed-4799-bd32-263549500641,32659,987,2.6847729569184606,33.08915906788247
3f93c777-6578-40dd-a091-4eb31fd69f5a,90,46,1.0,1.9565217391304348
3fc15e91-70cf-4a1a-a969-61b2af568cd2,12,9,1.0,1.3333333333333333
40094a6f-7e68-48f1-96c7-26c33d4b082c,24623,618,3.9630832961052676,39.84304207119741
4013d88e-9517-47ea-8158-303729e7c597,161,120,1.0,1.3416666666666666
40427fdd-ebbf-4319-aef9-0880fd3055ad,72686,976,3.836075722972787,74.47336065573771
40937143-8c82-470d-874f-21753cb72742,305,137,1.042622950819672,2.2262773722627736
40a364af-6bc4-4ea8-8ceb-fb41724e62f9,77754,1061,3.4784448388507343,73.2836946277097
40d53e6c-dd10-4ef1-bb5b-5af10f63604c,6954,554,1.7536669542709231,12.552346570397113
4149edb0-6920-42e6-a809-47d4dfd84761,947,297,1.212249208025343,3.1885521885521886
415e0d7e-51e9-45fc-bae4-83f19606fe05,111,72,1.0,1.5416666666666667
4165aeaa-8c79-44e8-b274-c89565dce704,390,34,1.8307692307692307,11.470588235294118
417c526f-3051-4698-8e34-d43c66c609ed,443,326,1.0,1.3588957055214723
41b2c542-620b-40ab-8c05-a3ddac7281fc,428,119,1.8200934579439252,3.596638655462185
420c93ee-7fb8-4286-ac45-73f0f35ffb80,1085,369,1.3170506912442397,2.940379403794038
42177e2d-c68b-4da5-a9b9-068bb40ebe52,2029,379,1.7205519960571711,5.353562005277045
421f457e-66bc-46d1-ada6-2cec1857f665,144,104,1.0,1.3846153846153846
423a7b23-f830-43ca-943e-07afedb8b904,6879,378,1.5710132286669574,18.1984126984127
42f7404b-9ab3-4129-8e7f-74874986ea92,1034,95,1.8404255319148937,10.884210526315789
432fd897-d019-4e3e-b78c-cc5aec464ddf,40,18,1.1,2.2222222222222223
43353eb2-43e9-43aa-b0b0-527b72d09c7b,23632,771,2.0853926878808395,30.651102464332038
43c55b99-b277-4547-90ef-51a7cce0487f,1226,164,1.2495921696574226,7.475609756097561
4452d3a9-51b3-4648-bfce-2eede9f555cf,477,361,1.0,1.3213296398891967
44645a88-d938-4418-978e-f298c1fdda06,24033,671,1.7436025464985645,35.8166915052161
44694c45-0215-4e26-99eb-74047faa8843,5645,768,1.9879539415411869,7.350260416666667
448134a2-aaa0-4a18-bab9-eef2e1022792,113,85,1.0,1.3294117647058823
44dfa84f-a34f-45ec-bfd1-bd0451c4f51a,2318,366,1.8477135461604832,6.333333333333333
44e63276-ea62-4621-a151-e4701a9f7934,1746,257,1.270332187857961,6.793774319066148
453dfc34-1543-4543-bdb9-cc051754db0f,395,31,2.392405063291139,12.741935483870968
4564f134-14de-4b62-bf14-36d5f7d1e086,33,26,1.0,1.2692307692307692
45c8c308-d231-421f-98df-3898aa9ced04,517,220,1.1450676982591876,2.35
45fa5a39-d40b-47bb-8a7c-a735ba415a26,13858,944,2.5664598066099003,14.680084745762711
4629b6a7-f7bd-48a0-94d5-90ce94704861,105,67,1.0666666666666667,1.5671641791044777
46c20b4d-dad1-4d15-b5de-d126f1e79249,10393,512,1.5623015491195997,20.298828125
472a52f0-74f5-469b-8f78-f90749bc9ae8,576,321,1.1597222222222223,1.794392523364486
4733d39c-7bb0-4f30-855b-1ba0f18ae801,209,164,1.0,1.274390243902439
47c8d804-4c11-4336-8f1f-a03972d23351,1165,175,1.2094420600858369,6.6571428571428575
47c9fc30-0bd1-4457-b4a1-ab7e10ef3102,2953,278,1.2505926176769386,10.622302158273381
48734a90-fa34-4892-88e1-c34912a8d0f4,89,62,1.0,1.435483870967742
48a5319e-d4fd-4702-9d18-1e07988464a8,2694,458,1.5612472160356348,5.882096069868996
490a6df4-8465-49c9-8d44-b9d4763afb2d,63,49,1.0,1.2857142857142858
49218f54-13f9-4742-96b8-8f4096fa3763,3462,463,1.6646447140381282,7.47732181425486
4933b53d-3b72-4e69-93ff-0385010ed5f4,4862,655,1.4111476758535582,7.422900763358778
4946d40c-e056-46d9-9b03-26ab220486d3,35937,676,3.5019617664245763,53.1612426035503
49d5ee30-ee07-4720-a581-ed19e2919cdf,2795,663,1.00608228980322,4.215686274509804
49ddbb56-51b0-4ead-8910-6866528cf24c,29393,983,2.498962337971626,29.901322482197354
4a429470-18f5-404a-a090-04598823a071,149,56,1.0536912751677852,2.6607142857142856
4a69d82c-d707-4d5a-b6f6-c05e96e3d11a,6222,1010,1.447926711668274,6.1603960396039605
4ac25561-87ad-436b-8005-f551088f953d,15309,481,2.4658044287673917,31.827442827442827
4b39214f-280d-4036-90f2-7a951de4d3b8,23004,819,4.86754477482177,28.087912087912088
4b3fb66a-7619-4f05-a360-8b53ec6367e5,2110,610,1.0180094786729859,3.459016393442623
4b42d837-322f-4422-beae-cd08e964cbb6,1501,209,1.2171885409726848,7.181818181818182
4b6510c6-3da7-49fb-8dbd-358d095ca1a5,9698,777,2.0780573314085378,12.481338481338481
4b7fd41e-da89-46ae-ba1f-c9cd014c6d58,15181,481,1.8011329951913577,31.56133056133056
4bb0f53e-6bbf-4d4b-8859-3a9b752dfddb,25525,849,2.4047012732615083,30.064782096584217
4bdc7ca4-5bf6-479c-bec8-73b3c22b6c5d,20149,407,6.549754330239714,49.5061425061425
4bdf7226-7bbc-49b4-8ef9-f722a6668882,51126,901,2.817803074756484,56.74361820199778
4c56155b-3c23-4ee1-82ab-177db4b259e8,47,30,1.0,1.5666666666666667
4c6904a8-60ad-4b3b-82e1-70338f7cf1d1,833,84,5.217286914765906,9.916666666666666
4ce2570b-b6cd-4ee8-a36b-a45cb34688cb,6638,480,1.6920759264838807,13.829166666666667
4ce86dec-9c10-476f-90eb-531e105330dc,1905,258,1.0908136482939632,7.383720930232558
4d5aaca3-d43a-4fc2-ad13-0cdb23e1025f,19693,675,4.2748692428781805,29.174814814814816
4d5e9758-a830-47c8-96c6-8a6d2dd9c503,30322,876,2.2374183760965636,34.614155251141554
4da7fce5-7656-4d62-a04d-3e285b4320f7,75,48,1.0,1.5625
4e47b61c-27cc-432c-9645-1b349a5ff6f3,74,47,1.0,1.574468085106383
4e63db4f-e69f-48ff-a7a8-d9b021b79a9f,16757,658,3.1792086889061286,25.466565349544073
4e684e40-5e79-4550-86e8-8d1a534ccf98,107,63,1.0,1.6984126984126984
4e903b82-1f20-4f81-af9e-f620e2562857,280,153,1.1535714285714285,1.8300653594771241
4eac1a5c-20fd-4d97-ad61-89b8a1ee0dc0,794,149,1.0,5.328859060402684
4ecbd37c-0c0c-4d93-a508-8130d2d7978f,2921,624,1.1324888736733996,4.681089743589744
4eea0bde-660f-4aac-b89c-25c8a460fa9a,97,40,1.0,2.425
4ef322db-ec36-4a5c-90f8-1520948dd324,2402,330,1.3547044129891757,7.278787878787878
4f3b63de-b657-450e-9a72-a06455b3cf3d,186,113,1.0,1.6460176991150441
4fec3aa5-416e-455c-bf2f-695d033a85b8,908,217,1.1795154185022025,4.184331797235023
500507b8-946e-4a6d-b1b1-13e6a159e6ee,8107,461,1.6374737880843715,17.585683297180044
503f999e-3239-473f-bffa-664f72a0401e,5000,641,1.4908,7.800312012480499
515a72b2-09c3-4ca2-9edb-b95119eab484,255,89,1.0,2.865168539325843
517c57cd-fb63-43c0-9e0c-e61e1a76dbae,697,233,1.007173601147776,2.9914163090128754
51ae0d4f-ec18-4c71-8c48-3d829e1abd71,163,127,1.0,1.2834645669291338
5264cf00-2464-4ae4-bb14-22a75e94aab5,754,163,1.1007957559681698,4.625766871165644
527291e1-2eb4-47e5-86f9-8574dc0e2099,2437,344,1.1661879359868692,7.084302325581396
52b06ed0-9a61-4a9f-92e2-847d7550e6c8,167,73,1.029940119760479,2.287671232876712
53319fc7-2340-41fd-8025-ce2ea71b1684,21,14,1.0,1.5
5337b3ee-6311-42e0-a0f0-b27aeb0b618a,281,136,1.1174377224199288,2.0661764705882355
53452c1f-0a8e-4c21-9492-2555d2f93dcf,112,94,1.0,1.1914893617021276
5348e970-c764-4611-86e1-2ad83b27c4c3,3274,612,1.4813683567501528,5.349673202614379
5366096b-7477-46ea-8bd3-b49b0cdf5684,176,135,1.0,1.3037037037037038
53fbc125-5d06-418d-8b51-672061fa44d3,8548,451,1.5311183902667291,18.953436807095343
54870cbf-23fb-4e57-bd02-b9f359952175,26604,635,2.98800932190648,41.896062992125984
54b94426-3076-41c5-9426-776ae3625ba9,5,4,1.0,1.25
54f77b86-3df3-4fdf-ac6c-4d205a0add5d,187,107,1.1016042780748663,1.7476635514018692
5502b908-03c1-4f07-814c-91991cff4cbb,23645,730,2.9015013744977796,32.39041095890411
55404fe5-5842-45ce-8d2a-b544856023d5,14575,791,1.5509433962264152,18.426042983565107
555a520e-f78d-4d79-a6b8-5387089cc890,9514,314,3.29472356527223,30.29936305732484
558b0975-6812-4eef-9400-9b922bac4655,40,34,1.0,1.1764705882352942
56adc800-f151-4622-a280-3a66802b06f7,6639,304,1.8895918059948786,21.838815789473685
56b980fd-6030-4255-8f94-a50237bcbcf3,177,99,1.1638418079096045,1.7878787878787878
56c0cb22-16de-4810-9eb2-9297f33d4e11,252,195,1.0,1.2923076923076924
57a0b5d8-5a7c-4343-8a41-6e18a599e270,298,213,1.0,1.3990610328638498
57c46b9f-c8fb-45b1-b0bc-6fbc24aae473,152,101,1.0,1.504950495049505
5812e159-aa83-49cd-bfcf-4499a68103b3,25555,688,2.0395225983173546,37.14389534883721
58182286-f540-4fbb-b50d-f5f04349be61,36,19,1.1944444444444444,1.894736842105263
58503d11-b3ba-4016-9d7c-1a9d23e1e518,1795,207,1.9743732590529248,8.671497584541063
586f4794-99e4-40c0-95b5-6aeaa90cdb16,849,181,1.5053003533568905,4.69060773480663
588ff066-526b-471b-ba4e-e3f59ecf6bc1,1120,430,1.136607142857143,2.604651162790698
58ab496c-08e2-444e-afd9-796d0366d394,3351,197,6.166815875857953,17.01015228426396
58c4133f-c037-4e1f-8fd7-11797f0d84e5,2179,171,3.524093620927031,12.742690058479532
59254066-9bf6-4a3e-a0f9-611b54f88d1a,3888,639,1.3688271604938271,6.084507042253521
594905c6-6261-4c51-a03c-9633b1e2ebf7,13566,785,1.6054105852867462,17.28152866242038
59a23c23-1620-4e79-b950-423deb51b7bb,54862,883,3.0547008858590647,62.131370328425824
59e099df-9f3e-4904-95be-4b52688649bd,17779,542,2.2324090218797457,32.80258302583026
59f6f2ae-531b-42c8-987e-8dc52491ef76,12813,707,1.8144852883789901,18.123055162659124
5a0f2420-6c78-4f7d-bbc8-87c828e83a4d,66,43,1.0,1.5348837209302326
5a213a47-d7af-49eb-8fde-840ad9e4dbdd,115,68,1.0782608695652174,1.6911764705882353
5a433427-12d4-4079-8a97-a476d8ff69de,35613,773,2.604722994412153,46.07115135834411
5a61e978-f5e2-4d58-97a7-4c537684f0a4,36666,949,4.255522827687776,38.636459430979976
5a95290f-248d-4216-953a-f10722ea57cf,460,276,1.0804347826086957,1.6666666666666667
5aff2c3c-92d8-4ea9-8e17-1833682a3f5a,32081,682,2.565287865091487,47.03958944281525
5b04a9c8-ba86-48c8-964d-421f511b7264,331,45,1.2235649546827794,7.355555555555555
5b16fd2f-36c1-43f7-ba03-c526f43e54ef,4892,414,1.5772690106295995,11.816425120772946
5b391b97-e121-4f7d-9d8f-be7ea9d0586a,710,412,1.0070422535211268,1.7233009708737863
5b7fcdfc-c698-4653-a566-2a8d2fa7da99,47,31,1.0,1.5161290322580645
5c119f98-15a4-4f46-8bd1-b6668110e9b9,11220,413,1.8732620320855615,27.167070217917676
5d8b2cc2-1636-406d-ba68-5a3d7e0890d0,10326,713,1.5985860933565756,14.482468443197757
5db03be2-869f-482e-ba51-fb01d6dccde6,136,110,1.0,1.2363636363636363
5dc16a4f-b3b6-4ff9-91e8-d02fad7c8b03,7,4,1.0,1.75
5dc9898d-a5a9-4386-b3e6-c0f0545acd4e,1179,103,1.7938931297709924,11.446601941747574
5dcd625c-c405-4be8-ae7d-1953397d27b7,3499,871,1.2340668762503573,4.017221584385764
5dea4e24-685d-4495-831d-77e4f496a93a,207,60,1.4734299516908214,3.45
5e1f1b72-8e21-4250-a022-36e2d9828889,257,39,2.0700389105058368,6.589743589743589
5e66c989-f5b0-45b9-8c60-801940ec3492,142,105,1.0,1.3523809523809525
5e878a98-41f3-4e95-aa33-ad64e0852859,3779,277,2.275205080709182,13.64259927797834
5e96c893-f0b8-4069-8cc8-6ba9c4c223b8,5780,473,1.8302768166089964,12.219873150105709
5eb3b580-9af5-4fee-a68e-840a05b97e56,315,250,1.0,1.26
5ebab480-75e6-4c7e-a95b-ee81b7d17517,43215,882,2.7269003818118707,48.99659863945578
5ee38b66-71c5-49c6-87b3-8bd6b68c49af,1126,214,1.7797513321492007,5.261682242990654
5efe5ea4-30d0-4d89-b9b8-1d3938b89baa,406,231,1.1995073891625616,1.7575757575757576
5f2c6aeb-4561-460e-97ba-57ba33f2928e,3782,363,1.6073506081438393,10.418732782369146
5f4f52f7-e31e-4a62-93d3-e9a342acd33b,4597,490,1.3741570589514902,9.381632653061224
5f711765-2a3c-4bb5-b02b-e6fc67657459,235,177,1.0,1.3276836158192091
5fa6b090-d403-4ab2-a7c6-ad0c886e7596,12558,866,1.2370600414078674,14.501154734411086
5fcf9526-ff9f-4acd-850f-d2fe3686c249,233,134,1.145922746781116,1.7388059701492538
60409813-36cd-49df-bdd2-107c2364a34c,175,51,1.0,3.4313725490196076
60669413-4c27-4e85-8b1f-c24fe3993fc4,192,94,1.3125,2.0425531914893615
6072d17e-8540-4b26-a6e9-6074f5517a1f,9867,562,1.9853045505219418,17.55693950177936
607d7762-ef5e-4a32-a1ad-5d4ddb40b1d9,36423,709,2.9698816681767015,51.372355430183354
60e44edf-f09d-4471-b97c-43462e1c5fba,933,351,1.0739549839228295,2.658119658119658
60f46491-2710-450f-aa0f-39ae0d9905c0,202,80,1.0940594059405941,2.525
61577f18-e48b-4794-9622-1a7795dd0af7,1605,596,1.0,2.692953020134228
61636ca3-6822-4c71-9188-cc226eee2702,9808,690,1.6723083197389885,14.214492753623189
6195b415-10cf-4e27-8745-94fa2a38aee9,1556,172,1.4267352185089974,9.046511627906977
62928e4b-dd19-4cb7-b9c6-944736da3b81,704,231,1.1321022727272727,3.0476190476190474
62c89df2-1010-487b-a706-b9a29c1e0c5b,6788,428,1.4684737772539775,15.85981308411215
631fcfb6-22cf-4400-a245-633d00a91d32,1469,494,1.0993873383253914,2.973684210526316
63608871-ca19-4b20-8db5-d5dcf5c0aa4c,16018,649,1.58921213634661,24.68104776579353
638ed7a3-b830-47a2-8a9e-3d5170c4bcbb,620,153,1.0,4.052287581699346
6398cf11-6100-4594-87f9-74564b7eb379,1136,248,1.369718309859155,4.580645161290323
63b629eb-0ff7-4480-a93f-cb7855b86822,38473,1014,2.634730850206638,37.94181459566075
6494a8f5-80c1-4b09-b2a5-51901cf354c3,9,7,1.0,1.2857142857142858
64cfb3ab-7592-4eea-beb8-f21240f24dbb,50142,847,4.197319612301065,59.19952774498229
6519dffa-e506-447a-9c72-3acd0316f69a,21773,802,2.7522160473981536,27.148379052369076
652223d9-6e55-406f-bae9-a0a64a04cab6,902,240,1.2161862527716185,3.7583333333333333
6527d4e8-27ad-4ff1-ba84-86e87ef28ffa,289,87,1.0795847750865053,3.32183908045977
652f59c1-15b1-4438-951d-322204d0db89,99,75,1.0,1.32
6533c6a4-d546-417b-aade-7e04230db067,92,26,1.4021739130434783,3.5384615384615383
658893a0-1e5c-4edb-9d3a-fe1577bbbcda,53,34,1.0,1.5588235294117647
66928a4a-fa04-449a-98a9-bf5ae6dcb2e8,132,106,1.0,1.2452830188679245
670a3c73-6ea0-493e-97c9-5c226795f763,13560,507,1.7716076696165193,26.745562130177515
6739d9c8-1f7c-40ac-b10d-20aff39e6462,131,98,1.0,1.336734693877551
673abc06-e5c2-402c-8878-358e01588b95,19208,612,4.154727197001249,31.38562091503268
69198c61-27bf-4f54-a1e5-0df6d7606d1e,136,63,1.0,2.1587301587301586
692e6042-31c7-48b4-aa04-5103458a4715,1606,492,1.3393524283935243,3.2642276422764227
693a884a-1e30-4cef-9501-9d8d2e83058a,553,152,1.298372513562387,3.638157894736842
693f452a-4257-4f62-ae62-9660c5053bc4,294,168,1.0,1.75
6959324a-1460-4729-8e53-8c0fc21e74cd,726,76,3.3980716253443526,9.552631578947368
69a20bb6-5df4-4ecc-b2bb-b5ea3df0e338,167,85,1.0,1.964705882352941
69f76f1c-bce0-464e-88a6-b707a1f24047,26952,616,3.091941228851291,43.753246753246756
6a1fe383-9e16-4e1c-bfdc-d566acbc13f4,10952,521,1.548027757487217,21.021113243761995
6a308d48-c35a-4bb3-9150-f8cac5d3c775,4786,349,1.8368157124947764,13.713467048710601
6a5a9013-b4d8-4a88-99d8-e42465da4ace,43258,1049,2.424892505432521,41.2373689227836
6a8c9104-6a1d-44ff-b8f8-488142a353de,53819,1042,2.2572883182519186,51.64971209213052
6abe291a-7767-409f-96f9-5dacb8910072,19069,646,2.3192091876868215,29.518575851393187
6ac762b5-7165-4738-ae99-a91f2d7e1123,93,37,1.0,2.5135135135135136
6ad4ed97-42a1-4908-beef-a0c347becdc2,5352,245,2.843236173393124,21.844897959183672
6b8cd65e-94b2-453e-902b-6b73189020c7,362,105,1.6022099447513811,3.447619047619048
6b9e21dd-5489-4505-a7d6-91d51f30d548,164,99,1.0,1.6565656565656566
6c773010-349c-419c-981d-e1857c593748,7177,745,1.9111049184896196,9.633557046979865
6cc4757c-b457-415b-b13e-a621676e711a,20228,730,2.898556456397073,27.70958904109589
6ce2bb56-e936-4c38-947d-ca07eb886061,143,37,2.027972027972028,3.864864864864865
6d69899c-1639-492c-b27f-9f654373a53f,123,78,1.0,1.5769230769230769
6d8db399-8c49-4e55-84cf-caa7eeb6e8ca,89,54,1.0,1.6481481481481481
6d989cef-7ec8-4761-8fc7-ce4537ec0c9a,426,261,1.0,1.632183908045977
6db0cdfe-a0da-49b4-a704-d8600c08cefd,537,119,1.1564245810055866,4.512605042016807
6e0afae9-d9ab-4a2e-9754-3988f7e90161,240,95,1.1166666666666667,2.526315789473684
6e5c1f83-c308-4bde-820c-63ed62323315,254,151,1.0,1.6821192052980132
6ea5ecbd-14e0-4d6c-984a-2f35710c5e1e,16957,576,2.161939022232706,29.43923611111111
6eaf2300-a581-4fc1-9084-4994bedb9bb5,40541,1089,1.916923608199107,37.2277318640955
6f586d20-afbd-4b54-9a06-796e1364054d,6349,297,1.7007402740589068,21.377104377104377
6f93ee5d-c521-46b6-b6f5-73b19bba7a12,37183,1001,2.6483608100476026,37.145854145854145
6f965cc5-5ac0-4cc5-b567-d6be4f32ef8c,3728,599,1.608637339055794,6.223706176961603
6fd1676e-cfe8-4ccb-bc34-edcd8c49747e,443,279,1.069977426636569,1.5878136200716846
705b834f-ba03-479d-abac-311b24a15eb0,29162,979,2.4895068925313764,29.787538304392235
706a1a0a-6a71-41d9-a9fb-a42848a0aa8a,61274,1024,2.4135032803472924,59.837890625
70a2dc9c-aa96-4964-ac46-34a11662ee38,99,59,1.0606060606060606,1.6779661016949152
70ab5fe9-2bb2-44c1-be72-afe9d98ebfdd,5248,466,1.4291158536585367,11.261802575107296
71a68dc4-a220-4f14-bf8f-14ef3d5fe557,14577,833,1.6147355422926528,17.499399759903962
71d6e1a1-b418-4248-a777-2ef30d6b7c46,37,25,1.0810810810810811,1.48
720ce0b3-88c7-493e-a33c-73f789c8a6d6,2747,344,1.2693847834000729,7.9854651162790695
720dd31b-77ca-4696-92d5-e6cdca6d3ff1,301,168,1.1627906976744187,1.7916666666666667
728f6b99-6134-495b-b50c-08ca525dc078,215,84,1.2,2.5595238095238093
72929725-42fa-4055-a948-a9196dd182d0,117,43,1.205128205128205,2.7209302325581395
72df3500-95f4-4987-adf5-e063e3107853,47,35,1.0,1.3428571428571427
732c1829-1931-4bee-8b2b-f13d8b5acd89,1066,549,1.329268292682927,1.941712204007286
735c9d60-d363-43e8-99ac-39e116376804,146,48,1.0,3.0416666666666665
738e1897-b029-4294-b7a3-9a0e669996a9,431,67,1.8306264501160092,6.432835820895522
7472bef1-ad1b-433d-8492-b4c7c1d61211,1784,369,1.0,4.8346883468834685
747c3ff4-4dee-4dea-b979-a7a35dd7ca17,871,551,1.0,1.5807622504537204
750b9e41-7e11-47c6-8d4d-14ff29f2a801,98,50,1.3265306122448979,1.96
7530924b-def1-410e-b348-24b71dfa30fc,2446,395,1.044971381847915,6.192405063291139
7566e91a-ef1f-4758-abae-32f060b46574,145,62,1.0,2.338709677419355
7584060f-5966-4ff4-b3ed-ac76de549c3b,3842,181,3.636127017178553,21.226519337016576
758c0ffc-02c3-47c4-a324-8f93f6806249,512,174,1.0,2.942528735632184
75d2689f-f81d-466e-908a-5256c63bc6a6,32819,748,4.5267680307139155,43.87566844919786
75d31f2f-db2a-4754-aace-2713a2c7b31b,280,119,1.0,2.3529411764705883
760209ad-c193-40ef-b300-f3c327e437fb,23641,815,3.0213188951397996,29.007361963190185
762fa6de-6045-41d0-869e-4718adb2d53e,3009,143,4.4619474908607515,21.041958041958043
775792b1-3aff-4582-b773-35ddd3b12fb2,396,265,1.0,1.4943396226415093
77a4d9c4-20a6-4be5-8136-ffd368049557,118,39,1.1016949152542372,3.0256410256410255
782c8ca9-a2aa-4b92-8852-6ef53339ad11,24988,854,1.7422762926204578,29.259953161592506
783df96e-17ca-49c5-8db2-3a3d723d95f4,34355,1072,1.8234318148741087,32.047574626865675
7878ec77-4504-4a9c-85a7-080bab23f6b4,1861,541,1.2686727565824825,3.43992606284658
78adcf75-cc41-4177-aff9-95fa333e160a,43696,1034,3.743386122299524,42.25918762088975
79347644-15eb-4b90-93d0-7fa7f1d00396,10694,486,3.4739106040770524,22.004115226337447
79455f4e-556f-400d-9986-2601b1a0494b,19394,948,1.2929256471073527,20.457805907172997
797313c3-ad1f-4b99-b383-fd46119baed4,24369,816,1.8015921867946982,29.863970588235293
7980105b-268a-40f4-9fea-c9201fd8904b,54,44,1.0,1.2272727272727273
7992e9e8-bffc-4a1d-8ed8-30d3d4a7c4f5,16520,892,2.3423728813559324,18.52017937219731
7a0d417c-25b9-4927-a346-51f18de1f1f7,133,69,1.406015037593985,1.9275362318840579
7a19a58f-dd89-43ac-9ede-a1c130a18cdd,340,45,3.1411764705882352,7.555555555555555
7a6e2ae8-b86c-41af-8996-54f36b95e24b,301,190,1.0,1.5842105263157895
7a8769c6-e5b0-4268-81b8-4f2819fe806c,12208,411,2.7240334207077326,29.70316301703163
7a974fb8-9050-4609-b9d1-37327ad29e14,582,361,1.0893470790378006,1.6121883656509695
7adae5cd-8073-4a60-aeff-960d8fd07492,10215,611,2.1084679393049437,16.71849427168576
7b2e1bd9-15e9-4be2-9881-ee7c7f3a5ff2,2500,285,1.33,8.771929824561404
7b8c918b-d0a1-4a01-b5fd-83c2e756516a,523,99,1.344168260038241,5.282828282828283
7b9b113e-736a-4e93-a7c8-f4a21b97c938,7806,1019,1.5718677940046117,7.66045142296369
7bd16b1c-75ef-4624-8e62-92a23a0acae0,6428,671,2.293092719352831,9.57973174366617
7bdb6fb8-a83a-42b3-a2f8-ab3a828d80be,539,143,1.0037105751391466,3.769230769230769
7bfd32f5-fc3b-46c3-90f2-a45925d86346,242,149,1.2066115702479339,1.6241610738255035
7c3fe2ce-01d0-4466-8fe7-4033814ab390,2539,439,1.4249704608113432,5.783599088838269
7c507b43-5e8e-4c0e-9ce6-6b23fa25e104,195,122,1.0,1.598360655737705
7cd97bb8-3e52-440a-98d0-b7cd7c6e6651,1783,150,1.5064498037016265,11.886666666666667
7d0e684b-b277-4ae3-ae6a-ea2d8024cc3b,2054,596,1.0574488802336903,3.446308724832215
7d240c85-3e60-4a16-b9d5-34a9fa5cf286,1418,206,1.2348377997179125,6.883495145631068
7d88631f-bd53-4e06-8423-6060a343bfc8,355,144,1.0,2.4652777777777777
7dfe3c6a-63b8-451a-ac5b-4be9a571110e,27535,752,2.530343199564191,36.6156914893617
7e812851-a45e-49b8-8a5e-5e54bb37bcbb,583,193,1.1080617495711835,3.0207253886010363
7ebeaec9-c05f-4887-a4aa-1a577ce0874b,1299,110,2.1162432640492685,11.809090909090909
7ed7f990-b8a1-4691-b6e6-1ce749ae8f5e,84,60,1.0,1.4
7eeb2f6f-8302-4721-9ea8-07ad5b2d534d,5117,598,1.3803009575923393,8.55685618729097
7efd7127-70c2-41ee-9ae4-b8c0261a17c5,90,43,1.2333333333333334,2.0930232558139537
7f32f5aa-93af-4851-93ad-f2d884dac1e4,515,236,1.0,2.1822033898305087
7fed9f4c-77a7-4f38-baa1-cc99f3a48f83,1340,319,1.6276119402985074,4.200626959247649
8024ba7e-7d2e-4ef8-82d8-7daa18c7b6f8,269,158,1.0,1.7025316455696202
80330e58-b36d-4f88-a79a-ef91d1721fa6,7037,243,3.904362654540287,28.958847736625515
80cd6275-73d7-4ebd-b88a-e8b602b8480a,26846,560,3.2355285703643,47.93928571428572
810c39f3-87e6-4852-bbe1-c96df926871e,3057,309,1.2796859666339548,9.893203883495145
810cbd7a-5e8f-4679-be33-8da082550932,44,30,1.1363636363636365,1.4666666666666666
81496944-3518-4f7a-a22b-56118584e205,1477,131,2.877454299255247,11.274809160305344
815bfdfc-d5fb-4e89-bdd8-697a39d04214,80565,864,8.122038105877243,93.24652777777777
81952ae5-d99f-466b-b2cb-b217a2bf14a8,151,112,1.0,1.3482142857142858
81a0bf1d-a9bd-4b71-ac38-65225a2d3aeb,14075,596,3.2845470692717584,23.61577181208054
81d35c7a-d588-4bfc-9bcc-f3aa11f4831e,14,8,1.0,1.75
8278850d-4aaa-47ec-a9de-c02f64190b96,2296,329,1.9181184668989546,6.9787234042553195
82b4c340-aada-49b3-8408-57c7362b79dd,1076,97,1.9972118959107807,11.092783505154639
82c8589e-1ef8-4d0b-95cd-30cb26e86264,212,68,1.320754716981132,3.1176470588235294
82dc302a-c8b1-4bb5-9e62-b29f1850faee,2758,473,1.1366932559825962,5.8308668076109935
82ffeee1-0bec-4d9d-adaf-1f4c99f6fe74,11445,947,2.1733508082131934,12.085533262935586
83517886-1000-4588-bd22-658cabe05707,591,194,1.3214890016920473,3.0463917525773194
8352ce72-e264-43ec-a2fe-b292826656e9,13113,480,1.782963471364295,27.31875
83692cad-90ff-46d7-a803-219b55dc4205,20108,863,2.174457927193157,23.300115874855155
83711793-8e7a-4f1c-a5b4-324befddf534,6186,398,2.4859359844810864,15.542713567839195
838579b5-501e-4bc4-a744-e268d2ba2d88,64,36,1.0,1.7777777777777777
83924613-4892-4f39-87ba-43880d20bdfc,27083,1025,2.123841524203375,26.422439024390243
83de11d8-b362-48f0-93ba-395987048b16,359,234,1.0,1.5341880341880343
840d555c-c309-4b75-afcd-e7bcf329ec84,2998,357,1.0720480320213475,8.397759103641457
842da907-c02c-4d24-92b9-6d0445ce0ebd,37,31,1.0,1.1935483870967742
84aea94a-9f70-4f14-9040-ca925cf7dd22,4044,457,1.2376360039564787,8.849015317286652
852552b7-37a5-4412-aa38-af0dae497886,111,85,1.0,1.3058823529411765
85659210-870d-4288-9a8b-07397fe13ff1,80186,1033,4.013905170478637,77.6243949661181
85688ec2-78a0-4d74-b07b-7ef9ac0d9313,10015,422,2.1519720419370945,23.732227488151658
857ed0b0-2838-4a6f-886c-44c2e56dbc0a,51836,733,7.190948375646269,70.71759890859481
85bb92e5-1fbf-44db-ae4b-0cc298ffd6da,25003,917,1.7423509178898533,27.266085059978188
85bffbbb-e907-4918-a386-74ef7bf13656,14,9,1.0,1.5555555555555556
85c8fc37-4baa-4bf4-b962-f607d1a554ae,123,98,1.0,1.2551020408163265
861f7714-67a3-4408-b024-73b1c8ce6513,105,84,1.0,1.25
866cfa8b-f676-4974-9a56-3e76bbceb430,1479,217,2.291413116970926,6.815668202764977
87222d56-356d-4d3a-92d3-aa0f250055e6,786,88,4.1157760814249365,8.931818181818182
87ae2b4c-9f2c-49fa-97b9-1b8c8741f5e9,1075,131,1.8437209302325581,8.206106870229007
87f07e55-db15-4ae1-91f8-818330314132,1426,365,1.0638148667601683,3.9068493150684933
88022638-72d8-454e-be28-afd85c98602b,74,22,1.0,3.3636363636363638
88053d2f-eaf7-462a-a58f-474285b20e9b,86,70,1.0,1.2285714285714286
8854f540-b782-44ff-a7cf-e12df41dbad9,586,241,1.068259385665529,2.4315352697095434
8876538a-480a-4df9-958c-a7ccfc7e8367,1780,395,1.1185393258426966,4.506329113924051
887a6bf4-7272-4ee0-a4b2-2ab800a53c9f,568,115,1.2007042253521127,4.939130434782609
8902212a-f39c-4b77-aea5-e881534eac0e,6124,289,3.6441868060091442,21.19031141868512
8980a335-8181-4d43-9a90-52b98e15d5f4,65,38,1.1538461538461537,1.7105263157894737
8a20175f-996b-4a9d-9a76-0932b881af1e,38,23,1.0,1.6521739130434783
8a5f0c35-7722-4734-a81b-1fac8e5911e4,4239,355,1.5782024062278839,11.940845070422535
8a6ab8b2-490f-4b87-82ad-5d0676f901b4,55,43,1.0,1.2790697674418605
8aa8d2e9-dcdb-4d71-83b0-0bcde388a1ac,6812,674,1.5347915443335292,10.106824925816024
8adf76db-31fc-4b49-9f25-6f5b55b96a77,19220,807,1.8204474505723205,23.816604708798017
8b57d36e-9536-49f6-8668-8b5af5ff1096,23494,796,1.5441389290882779,29.515075376884422
8bd85b1e-f047-419f-bb41-1b17be9d8a1d,3048,330,1.6026902887139107,9.236363636363636
8c53cae4-3fba-45f0-80f8-2704509f8161,502,55,1.294820717131474,9.127272727272727
8c5ffe1c-a3fb-40a9-a54a-6382f0a9d564,33882,1031,1.7270231981583142,32.863239573229876
8cfdefa2-a9b0-44ae-8b08-9db031a24eb9,2107,316,1.349311817750356,6.667721518987341
8d11336a-4a04-4c57-a5de-3c0e877ce28d,159,90,1.0,1.7666666666666666
8da785ae-fd10-47b1-8b74-ee4f41ac34ae,332,170,1.3463855421686748,1.9529411764705882
8db8496d-e69f-4a78-aeed-cfbf1ab1e17a,159,89,1.4150943396226414,1.7865168539325842
8e1c17cb-727d-4b30-af7c-9eb5791ce072,13460,678,1.5917533432392272,19.85250737463127
8e5d6189-3fd4-443b-856f-803a5f652dd5,59,47,1.0,1.2553191489361701
8e8e4460-5ba9-46bc-8556-4abe15f2635a,65,42,1.0615384615384615,1.5476190476190477
8ec90b1e-2c9f-4772-9035-d6f7d68f8362,155,83,1.238709677419355,1.8674698795180722
8f6fbdc5-27ba-41fb-9479-8c711206abcf,1813,223,1.0595697738554881,8.130044843049328
8f7210fb-acc2-44b1-b77e-19c17d0d3527,16256,613,1.811515748031496,26.518760195758563
8f78ba04-1952-469f-b66a-9bef33c7de12,633,167,1.0695102685624012,3.7904191616766467
8fb9bd66-c37b-455c-9dfa-3a1ae0f02b3e,1952,339,1.3017418032786885,5.758112094395281
8fd5454e-6e30-4e2b-9432-048aceb000bd,3205,267,3.788767550702028,12.00374531835206
8feddcb1-0321-426a-927b-132a9d41a913,473,138,1.6363636363636365,3.427536231884058
900e664d-2310-4916-8c7f-f9dcc133bf37,3336,593,1.5515587529976018,5.6256323777403034
9175dc0c-a995-4324-a9dd-073348193144,5,5,1.0,1.0
91de3296-fa86-4b09-823f-a7d4419caf0f,724,127,1.2444751381215469,5.700787401574803
920e073d-dda4-45b7-bd7a-9c32be13ddcc,31744,738,1.9732547883064515,43.013550135501355
9230c39d-ead1-45c5-8b7f-f19ac6a39f42,39285,1023,2.07465953926435,38.401759530791786
928bba6f-1da4-4717-a106-5833296bdfe2,2248,219,1.2326512455516014,10.264840182648403
92f81810-1dda-4801-b6ff-7e790ce50558,12098,445,5.6621755662092905,27.186516853932584
934bc5c3-cd50-4e0e-94c5-042152017df5,39028,742,3.632622732397253,52.59838274932615
93ecc535-ee84-4726-9da8-9d7e21eebbc0,1248,227,2.190705128205128,5.497797356828194
944a995b-5eb3-47c3-bfaa-fd46bbff4779,819,110,2.7081807081807083,7.445454545454545
94888508-6fbf-48c7-ab42-7e293be56f22,42,23,1.0,1.826086956521739
94c9cf57-ae57-4f6a-b7bb-94b2233dfdcd,101,80,1.0,1.2625
951ae1db-180c-47db-9934-ba9353bbef83,4153,282,2.386949193354202,14.72695035460993
95214af7-32e7-4af0-bc06-323474b13c2f,28793,994,2.325634702879172,28.966800804828974
9541d10a-6be8-44b4-9193-174bca689116,865,149,1.4820809248554914,5.805369127516778
957d1bb6-198e-4721-abbf-5d4c812064c7,356,282,1.0,1.2624113475177305
95b5ed96-5530-4ecc-8674-44a48ea7e48b,4241,433,1.6309832586654092,9.79445727482679
95d9b15d-5415-4846-9888-417682c70b24,87,65,1.0,1.3384615384615384
96228f50-2221-4da6-ab8b-4ae92c8a8048,47789,868,2.940551172864048,55.056451612903224
964ac76d-3a4e-4d41-a271-2fe4594e156d,1986,241,1.1173212487411883,8.240663900414937
964cacfb-a195-4bbf-8c82-808fa48405ca,16477,668,2.284517812708624,24.66616766467066
9662cfbb-db69-46f1-849b-5495852f1167,21273,788,1.7928359892821888,26.996192893401016
96b0e23a-3a05-47b2-854b-c5c9fb0aed57,124,75,1.0,1.6533333333333333
970d8c44-780f-4e57-8786-955abcffb6a9,120,91,1.0,1.3186813186813187
9728bc87-74a6-4fe5-8ee5-523fc688c5e2,308,208,1.0,1.4807692307692308
9765bf1f-2979-46e8-bab4-dc860137e9e9,955,353,1.2324607329842932,2.7053824362606234
97c03b3a-1309-489b-ac5a-ece981d5c44a,62,14,1.0,4.428571428571429
988f282a-1629-4201-8814-90299f0dea81,1238,283,1.2988691437802908,4.374558303886926
994832a8-d89c-45dd-bfc5-a91f053279e7,31888,699,2.3899899648770697,45.61945636623748
998aa95f-77a2-44a2-93a9-2181d2e78bca,4397,240,3.3827609733909485,18.320833333333333
998d44e0-b660-4072-992d-829f487a41cb,141,94,1.0,1.5
99c65f89-aea6-4569-abfc-089b8287d5ab,85,72,1.0,1.1805555555555556
9a37ed50-4362-44b7-a620-bc7ac8139cbd,5438,734,1.5713497609415226,7.408719346049046
9a9c088d-1662-454d-af2f-028fa3587682,93,51,1.3225806451612903,1.8235294117647058
9ac69562-0678-402d-8ad2-cda1677c0b75,75,38,1.2933333333333332,1.9736842105263157
9b1d479f-3c06-442e-af2c-b58ebe5c7384,17345,501,1.8292303257422888,34.62075848303393
9b1dcb70-24a1-4124-830b-2cf397fd63d2,14538,663,2.5460173338836154,21.92760180995475
9b6898ec-4acc-465f-b136-2690f4198307,469,330,1.0,1.4212121212121211
9b995a1d-b51e-4a66-b72f-462f917d3da6,8,5,1.0,1.6
9bba61d2-b934-4c6c-9b3f-e931dbb388bd,42,35,1.0,1.2
9c89196f-799a-4d06-983c-dd82039dd46e,54188,1013,2.090186019044807,53.49259624876604
9c92ec8f-8143-49fe-a5f9-65ce20f71722,171,54,1.4444444444444444,3.1666666666666665
9cf901bc-3693-4687-9585-091900948f7f,44,35,1.0,1.2571428571428571
9d196f29-d0bf-4fd9-9cfb-d74066a3f5ed,20927,698,1.8140201653366463,29.98137535816619
9d2b094f-ba55-4992-9bd7-a607d2e1c354,105,71,1.0,1.4788732394366197
9d4088a1-deb4-47b9-83b4-50e5bd0f395b,481,253,1.3118503118503118,1.901185770750988
9da78dcd-6549-4b2f-8c84-a3b469b07175,355,270,1.0,1.3148148148148149
9e1e5dfb-22ec-4433-be50-1b60d9ceee88,153,105,1.0,1.457142857142857
9e2863b1-d454-4f02-9e38-efb2da82a8fc,30599,634,2.286022419033302,48.26340694006309
9e346629-f642-416c-b7e2-2698eed928b9,452,154,1.1261061946902655,2.935064935064935
9e4308c0-ee52-44d1-8d5d-6e94494ac396,52,35,1.0,1.4857142857142858
9e5a6862-d837-4a3d-9e47-a63c01d9f4db,488,280,1.0,1.7428571428571429
9e845a42-4089-4785-a742-efac100aa0f6,4919,620,1.4527342955885343,7.933870967741935
9effc482-6fb7-418b-9fe7-2774b6e0baec,122,95,1.0,1.2842105263157895
9f4071c8-760b-476b-94c7-b2ba922fa62e,14300,698,2.1075524475524476,20.487106017191977
9f8a5029-25ef-4e21-b222-d1fa3c0f7070,197,39,1.3350253807106598,5.051282051282051
9fbea792-987c-415b-8236-078252f9672d,162,122,1.0,1.3278688524590163
9fca2f94-6fe7-4cdd-af01-52b1703e96a5,753,411,1.0,1.832116788321168
9fe97e5c-bcc7-4eec-8ac0-947b0184dd32,2782,273,1.174335010783609,10.19047619047619
9ffbdb9a-f11f-4547-8dc4-5963de21747b,13570,660,1.8724392041267501,20.560606060606062
a05c6c84-6c16-413a-bee3-717c58b06f33,726,267,1.0206611570247934,2.7191011235955056
a0d027d9-0133-43fd-b293-8d885fcbc892,626,352,1.3306709265175718,1.7784090909090908
a1053bb4-458b-43dc-8512-5bfd778e2b18,1525,427,1.3350819672131147,3.5714285714285716
a2706048-2605-4636-8abc-e305dd19ea26,20,16,1.0,1.25
a2afc6db-f289-44fb-8256-b24a0b837eab,5370,551,1.8819366852886406,9.745916515426497
a3075eaa-282e-47bc-b168-de7d7f98d6c1,2728,389,2.3669354838709675,7.012853470437018
a309d8eb-ab95-4785-a6a6-13dfacd55318,165,120,1.0,1.375
a35edcdb-a07d-4e38-b9cf-bc07f513f96a,201,125,1.0,1.608
a38f33bb-86b3-4b60-893b-e235b399cdac,8845,455,3.1174674957603163,19.439560439560438
a3cb55c4-b3df-4e69-b77e-5f0c3f8e85b7,14,10,1.0,1.4
a3f646dd-4b5d-49fa-8883-31a1325dc766,542,296,1.2859778597785978,1.8310810810810811
a4094bd0-334e-4a7e-b526-07566a09002c,16,13,1.0,1.2307692307692308
a40ee471-bd33-4b51-929e-4be789d590e5,4777,552,1.5476240318191334,8.653985507246377
a4462c8c-ae88-44a1-b7e1-efa240762cfe,3675,323,1.1317006802721088,11.377708978328174
a49b710e-a5f0-4d13-b903-4b67a3aeb297,370,205,1.1567567567567567,1.8048780487804879
a4dbcb49-0161-427f-aba2-94d040b23798,3924,437,2.8577981651376145,8.979405034324943
a4e6cda7-af5c-4543-907d-6ca2b352b680,285,189,1.0,1.507936507936508
a516fa77-5e7f-4c94-9d17-5abf0d3b864d,313,131,1.0575079872204474,2.3893129770992365
a5b93689-4077-40cf-8b13-768c51c1ee00,10271,637,1.7227144387109337,16.124018838304554
a621f928-5ba9-4689-b7b3-b86d6e828c07,3,3,1.0,1.0
a649bef2-b844-44f8-a6bc-76e03e3b19a7,1289,282,1.2878200155159039,4.570921985815603
a65594d1-2a1d-4a28-b5b8-11a42ebb4c04,326,187,1.0,1.7433155080213905
a6901afc-e94b-45e5-8a17-ffa8ade7030c,29090,848,3.4729116534891715,34.304245283018865
a6a9a3ba-0db4-4ab4-b4f4-f43b7b71e06c,38749,626,3.8651061962889366,61.89936102236422
a7215f49-ab06-434d-9a61-e2f592a62cd7,2495,587,1.445691382765531,4.2504258943781945
a7366d10-649a-45f8-9ff6-72b2bdbaa91c,20,5,1.0,4.0
a756a3a4-2fe2-4081-b44a-cb11433eea4f,12584,719,1.8591068022886206,17.502086230876216
a7afe974-2308-4cfb-95bc-4aa78fd96cc5,167,78,1.0,2.141025641025641
a7d676ea-f604-4625-a9ca-c798dae09ece,17339,827,1.8860949305034893,20.96614268440145
a8700544-5307-4537-9c98-6ca4898f978c,5,5,1.0,1.0
a8b893e7-1171-4a73-a2c5-76e8e969eab1,4395,661,1.598862343572241,6.649016641452345
a8d6b48f-af81-4b5f-8425-d074b38bb39f,16,8,1.125,2.0
a8e211c1-5ff0-48fe-8526-938d25d37100,27261,626,2.423058581856865,43.54792332268371
aa0e8e91-09fb-4510-87a4-d0e6fd69b712,1369,255,1.3287070854638423,5.368627450980392
aa708696-5e1c-4689-851a-0436a68776c3,1809,290,1.1896075179657268,6.2379310344827585
aabbe2fe-2ee2-4d5e-8f7e-44882e726d62,461,88,1.3275488069414316,5.238636363636363
aae3955e-abbb-44e0-aa29-2e8f0b86d741,47924,893,2.6084008012686755,53.66629339305711
ab39706a-dd45-4d65-8d8e-4a4e3f6f6d4e,153,114,1.0,1.3421052631578947
ab6fdfec-798c-4095-bd3d-80f2ee295949,64,40,1.0,1.6
abcfa20e-976a-468d-8ea1-6d54354d28a2,56899,810,5.689836376737729,70.24567901234568
abe42b3a-ff89-4746-b13d-231e35ddf9af,8359,561,1.6537863380787174,14.90017825311943
abe627de-8f3e-49e7-b81e-a8edf58f8d80,40170,1071,1.9051779935275082,37.50700280112045
ad1c858f-5c20-45f9-a6ae-fe83adc09f82,7205,400,2.426786953504511,18.0125
ad2616d3-b796-4b2e-9fc8-87f1cab3fc1d,1351,154,1.3316062176165804,8.772727272727273
ad313d8d-244b-4d18-810b-4230db3de7b7,58,34,1.0,1.7058823529411764
add9671b-d749-4532-9b38-6b82caae98ee,954,379,1.0,2.5171503957783643
adefff48-da38-4489-8500-0c65a01af755,5058,720,1.5217477263740609,7.025
aea8d495-f130-4aa4-ad58-25c592f07522,63857,1068,2.3247412186604444,59.79119850187266
aeb30b68-c780-4e75-8ea6-0b7fea8fba2c,45150,941,8.097209302325581,47.98087141339001
aec04917-9e83-416e-b768-a6c42792f7b7,154,28,1.4610389610389611,5.5
af07a2dc-faca-4270-9533-c8d601bd50d5,117,68,1.0,1.7205882352941178
af0f6960-4301-422b-a455-2214d2c9ff8b,247,65,2.1052631578947367,3.8
af39a00d-08f3-4f24-9b8f-620e8f15f4aa,1306,338,1.336906584992343,3.863905325443787
af39e957-7f28-460f-bf49-b8d93eb026b5,161,91,1.4099378881987579,1.7692307692307692
af50cf60-eaef-40fc-83cb-7bf918cc3c60,513,49,2.0,10.46938775510204
af856415-9b4a-490e-a5e3-f89299109f8d,40839,781,5.033962633756948,52.29065300896287
afa56068-ba62-4bd4-9df6-f9864da599af,2120,331,1.200943396226415,6.404833836858006
afcbdb71-9b87-4f8d-9b03-4fdb41de066c,443,196,1.0,2.260204081632653
b0002e46-bb88-4987-96b6-bf37eaa092dc,681,388,1.3010279001468428,1.7551546391752577
b006cbc3-5345-4140-b706-a9e4448cd0d8,3306,337,1.1663641863278886,9.810089020771514
b00bbfcb-8c49-4306-b151-5e7a66dd95e7,11780,462,1.772495755517827,25.4978354978355
b00dfd88-9518-4490-a8b2-c97ee2e61fc2,37761,1035,1.7282116469373163,36.484057971014494
b024c849-7d28-48df-b1dd-ad53525601f8,27201,759,4.021874195801625,35.83794466403162
b08525f4-dba4-4d84-9700-0520badffa0b,3617,333,1.4586674039259055,10.861861861861861
b08eaac7-ac16-43b4-99c9-a9f6686d0bb5,22,9,1.0,2.4444444444444446
b09a6980-8223-4f4f-8b72-faff66568543,11212,368,5.852657866571531,30.467391304347824
b0bb21e4-464a-4dd7-89f0-c7d65f254fa3,7822,315,2.4847864996164666,24.831746031746032
b0c27314-36ae-4cc1-9490-b3d275aec59d,35354,596,10.763279968320417,59.31879194630873
b0d69ff7-2c8f-4974-9eef-28a232fe23a7,205,28,1.8195121951219513,7.321428571428571
b10d937b-2886-49c1-a680-94dd4b2afeca,861,327,1.0,2.63302752293578
b12d7c61-60b2-4d3e-b83e-8aa3a01891ea,4899,581,1.3815064298836497,8.432013769363166
b13db845-affd-49bf-8662-89a608de58d8,669,244,1.0971599402092675,2.7418032786885247
b1fe42b2-2b35-4c82-8a12-c8a7b088cb58,22438,893,1.7051430608788662,25.126539753639417
b219d408-80d4-461a-8b7f-0b3443bb68d6,156,36,2.391025641025641,4.333333333333333
b288c884-ea85-4260-b7df-9fbf4a3c6aaa,77,47,1.4675324675324675,1.6382978723404256
b2c827f3-f757-4d5e-a5c5-9db1429b3589,370,209,1.1,1.770334928229665
b316c52c-e4f5-457c-bd1d-ae5f0a2d0c66,8084,663,1.3222414646214746,12.193061840120663
b35715ae-d4d6-4dc7-a891-a41436af6398,412,75,1.0,5.493333333333333
b371292a-d420-4c3f-9510-29d32dfd5c81,16822,461,3.0454761621685886,36.490238611713664
b388bcc5-a7aa-45e0-9805-0ed99499e302,63,41,1.0,1.5365853658536586
b3e40b4c-0edd-428d-8854-1c6cb2c9fcee,1307,376,1.24407039020658,3.476063829787234
b4445206-5c99-45b4-a31a-9ae04cd53c6e,41443,781,2.8251091861110442,53.0640204865557
b4b6b0dc-c899-46d1-b8f6-6d69d2967eac,176,139,1.0,1.2661870503597121
b61ddffe-9737-44cc-89e0-e4616a18ca62,1465,757,1.3344709897610922,1.9352708058124175
b6333a26-e0f2-4fde-a12e-bcf419e5f9e0,11899,665,2.9155391209345325,17.893233082706768
b6b3842f-01c7-4d9a-816f-1014d171878b,3,3,1.0,1.0
b6ee7aee-563d-4c2a-b510-e02112c10b3b,4,4,1.25,1.0
b7681abf-246b-4323-95ea-24daf0aa1437,2494,256,1.0713712910986368,9.7421875
b77dfcfc-145a-419c-852c-7f122a07a414,104,50,1.0,2.08
b7ec0c20-48d5-48b3-a14c-8d0f1078c1fc,1292,315,1.0866873065015479,4.101587301587301
b820cfd3-c35a-4514-8d46-9234c68918d1,2707,450,1.5168082748429996,6.015555555555555
b8309db1-9f66-4181-9dfa-5037840dc3f7,2738,428,1.1216216216216217,6.397196261682243
b8400012-9e14-4885-8fd1-e62d77ab8d95,2893,554,1.3456619426201175,5.222021660649819
b882fc6e-cc39-49ae-8b4b-d82c05f2673d,1360,194,1.2389705882352942,7.010309278350515
b8a5d201-9711-4567-98ee-984d858aadc2,23,18,1.0,1.2777777777777777
b8af691c-1baa-4b9f-8aeb-dc4eebb1d310,65,45,1.0,1.4444444444444444
b8b509aa-b0a2-4789-b87f-8ce9d7ffd980,1513,182,1.528750826173166,8.313186813186814
b9264500-c7f4-4230-a6fc-de824bdbf2f8,720,200,1.2222222222222223,3.6
b9510342-c08b-4673-aa0a-18913b70a72d,40356,976,2.2010853404698185,41.34836065573771
b96ecff8-ccba-4ac1-9fd1-5b11d03b76fb,14723,450,6.877063098553284,32.717777777777776
b970ce51-a420-4533-8162-7b8d8ba12ae0,8420,442,4.506769596199525,19.04977375565611
ba216e3c-3add-4a3e-b890-c1ca6ec62187,30523,756,2.045146283130754,40.37433862433863
ba538633-064d-46ae-955a-20c0aac4c094,1947,467,1.0,4.169164882226981
ba53e6a5-78f4-4070-b69e-1a0033a923a7,577,195,1.2218370883882148,2.958974358974359
bac11da2-d27d-40aa-953d-da2bb68775ad,44,39,1.0,1.1282051282051282
bac25b51-ba68-41a8-a654-7bc9d89b2082,14418,471,2.4870994590095714,30.611464968152866
bb2a0853-1d4b-4da2-9364-f935f5eb6f56,239,98,1.0,2.438775510204082
bb41a4a2-7160-4aac-8272-7e9831fbb4a5,9636,498,1.8070776255707763,19.349397590361445
bb432306-248b-45f7-b6cb-b7c5e26fd0b3,4653,305,2.820975714592736,15.255737704918033
bbb06c87-f454-4ed5-9a5b-341aaa2eb1bd,11830,570,1.6301775147928994,20.75438596491228
bbc9058e-7604-4303-9bc0-01e8fe11ea20,371,289,1.0,1.2837370242214532
bc057c1b-7d4f-4ec4-929a-91d473422da8,15948,717,2.1494858289440684,22.242677824267783
bc0e022a-769b-46e1-a3de-a3991a0404f4,225,139,1.0,1.618705035971223
bc51b4a3-f1c3-448b-96b7-da3da6c9ab19,191,70,1.2356020942408377,2.7285714285714286
bca18b25-9cdd-494a-b170-59f990df2e57,3806,756,1.0867052023121386,5.034391534391534
bd18a701-f98d-49c1-8b4e-b41d804d4605,1557,435,1.1213872832369942,3.579310344827586
bd4f4e24-95b9-443e-becc-97f60a295f05,103,18,1.0,5.722222222222222
bd54c92e-a95a-491a-a7f6-19e5f25f727f,26382,948,1.6756121598059284,27.829113924050635
bd5b5c2f-41f8-4438-b9a6-005b7a08e155,12,6,1.3333333333333333,2.0
bd93b114-4428-4363-901a-d011f6686806,5408,411,1.3875739644970415,13.158150851581508
be2c1471-ee69-485b-a9f4-8f82d66fa122,1488,251,2.157258064516129,5.9282868525896415
be3b68c1-5a44-43f8-b70f-e4b4240a026b,394,220,1.0,1.790909090909091
be3d6ad6-b47a-4f54-916f-e0fdbae971cb,253,73,1.0,3.4657534246575343
be416c71-8f88-46b7-a0de-0f676803b076,1,1,1.0,1.0
be52ca0f-1d11-481b-b6a6-229b76b36c83,16863,703,2.4626104489118186,23.98719772403983
be6c6c2a-f3f4-462c-aab3-dac00cba0596,154,95,1.0,1.6210526315789473
be6ebdab-73d8-4c9f-8ae5-a0d75554bcaa,55073,1009,2.267553973816571,54.58176412289396
be7bc013-1d8d-431b-a447-86c06399a6c1,500,356,1.0,1.404494382022472
be980ab7-cdcb-406a-8280-ee9726dda11b,993,252,1.1289023162134946,3.9404761904761907
beb23716-f912-4eaa-a73c-1e570ad68bb0,614,296,1.0716612377850163,2.074324324324324
bee413d3-69c4-4c69-a4f2-5b62926d7873,12009,683,2.050462153384961,17.582723279648608
bef50166-f4b5-4261-95b0-50b0483528b4,39,30,1.0,1.3
bf2a9fef-8794-476f-a041-4e774a3e9ede,7861,457,1.1484543951151254,17.201312910284464
bf2d8c11-bdfd-4dd1-950c-c24a6b1945bd,503,92,1.0636182902584492,5.467391304347826
bf6a8366-2e3c-43f1-9ac9-bb1b2ba4f7a0,1399,203,1.1858470335954252,6.891625615763547
bf7a2e86-3542-4e19-a3de-07223d184406,67,43,1.0,1.558139534883721
bfe5f463-cf68-4e4c-8f72-26976b29cdb6,7,5,1.0,1.4
c03eeb1c-4bc3-4a47-a109-98d13ca93355,241,104,1.0,2.3173076923076925
c0631a89-3953-4651-bb16-46626ff085d0,51068,1032,2.7167697971332343,49.48449612403101
c0762a46-cd85-46f3-8dff-5456aa0f085c,63,38,1.0,1.6578947368421053
c0924782-c525-46a5-b16f-2e4b581ad7dc,15834,739,2.0262094227611467,21.426251691474967
c0a2cf32-624f-4cf8-ae74-b532ee5a4628,173,59,1.3352601156069364,2.9322033898305087
c125a73c-3e34-44b0-a699-aee028c7af15,2288,332,1.2631118881118881,6.891566265060241
c15747c4-0761-47f2-a740-431d3b8348b5,13321,692,1.823361609488777,19.25
c184554e-face-4ee7-9263-b73e1cf190ae,26326,793,2.128124287776343,33.19798234552333
c2224aa0-66f8-415b-b766-7ddcd46ae904,39080,907,2.3292476970317297,43.08710033076075
c23d2797-3694-4df0-a27a-0c74bfc8d947,68624,1088,2.851873979948706,63.0735294117647
c2773bb2-2be7-4aea-9a9d-d735e3925285,227,118,1.330396475770925,1.923728813559322
c28524ad-1ea7-46da-ba4b-7282239c4f60,1632,223,2.1439950980392157,7.318385650224215
c29de97f-74a3-418e-a8bd-9dbd73227e2c,206,80,1.174757281553398,2.575
c2accfb9-2eca-46bf-9c36-b56ecae1bb3d,4652,645,1.2620378331900257,7.212403100775194
c2fff532-44e3-4ff9-bea0-ae8816f0376a,2498,395,1.2638110488390712,6.324050632911392
c31277e0-a90d-4e62-a98b-7f76f2a05d52,8222,851,2.0945025541230846,9.661574618096358
c31f5bbb-eaca-4430-aae9-cb58b996bdba,72869,1067,3.6555462542370556,68.2933458294283
c33986ba-a1cd-4827-b774-54fe19542ec1,413,157,1.0290556900726393,2.6305732484076434
c36fccbe-6527-40c8-85e4-c32766a20fd1,1229,187,1.09926769731489,6.572192513368984
c3946f4e-d6fe-4d99-8d6d-4a32fa1a953b,8291,512,1.4071885176697625,16.193359375
c3cbaeb0-60d5-4a1b-bed8-8d3cdf1113b4,156,124,1.0,1.2580645161290323
c3fa6c1e-1a0d-4c98-ab06-a43716730bd0,84,12,1.5357142857142858,7.0
c494e46a-c43a-4017-9f5b-55c6a8de1f9f,385,299,1.0,1.2876254180602007
c4a9ab14-419a-41ff-a33d-fee20d21aeb2,34,27,1.0,1.2592592592592593
c4b62733-2970-4d8c-aef5-fc48054d10c2,710,135,1.3309859154929577,5.2592592592592595
c4e2e5fc-7211-4c95-b508-ec4a489092e5,916,194,2.0458515283842793,4.721649484536083
c51aefcb-5139-44df-8f54-f5b89f07791e,2802,549,1.8386866523911491,5.103825136612022
c52bfbbb-2612-4968-a46b-3850d41e370c,19667,503,3.2077083439263743,39.09940357852883
c546aa80-29c5-42b6-abd9-56792dcd9ab9,54667,1055,2.6550203962170964,51.817061611374406
c5a6046e-5099-481d-962f-77cc992239fc,16874,1004,2.0336612540002372,16.806772908366533
c5b1f5f3-3499-45b8-ab68-f219d0568f9b,3072,456,2.5869140625,6.7368421052631575
c642918d-3f5a-47c0-a182-c6c6d4ba1a9f,506,195,1.075098814229249,2.594871794871795
c6b2bd66-a069-4699-a6db-d54f5dd4c835,252,155,1.1865079365079365,1.6258064516129032
c6cba3f0-3184-4c6a-9aac-6b9fae7824e9,2012,356,1.0402584493041749,5.651685393258427
c6d56641-e90f-4438-87be-0c684a801d05,24,19,1.0,1.263157894736842
c6fdb799-d1c3-4a2e-8b6f-8eb7ea92fc05,2021,419,1.4285007422068283,4.823389021479714
c762146f-f7b7-4053-9a12-bcb1b8719c36,1017,118,1.3048180924287118,8.61864406779661
c7aec4be-3531-466b-acf0-277cdbfc1015,6980,498,1.4405444126074498,14.016064257028113
c8640e90-132e-4439-aa58-227fb6e16145,956,185,1.0209205020920502,5.167567567567567
c8ef1e5d-649a-49b5-b458-6fff5b629afd,117,52,1.0,2.25
c91cdf43-a8f2-4dd6-b721-33ff5480f18e,238,181,1.0,1.3149171270718232
c92398f1-9dc1-4a57-b36e-e314761ef2e7,185,67,1.0810810810810811,2.7611940298507465
c9b65a09-8825-4077-b2a7-8626b5920538,356,152,1.1825842696629214,2.3421052631578947
ca043969-d91f-493e-bbce-c8f9607a4d08,1604,360,1.375935162094763,4.455555555555556
ca478b8e-5c53-4cc3-b283-b9603b612dee,4,4,1.0,1.0
ca75fdfc-4656-4441-839e-dfa9e0985b67,192,146,1.0,1.3150684931506849
ca792fa6-ef0c-412d-84a1-689b7d84c2f5,178,67,1.0,2.656716417910448
ca9826eb-ac71-4f71-9a22-06304b2302b5,1548,290,1.4063307493540051,5.337931034482758
caa56040-9815-49ca-9e24-0f60780d190e,362,197,1.4171270718232045,1.8375634517766497
cad4f013-0236-402d-b3a3-9004145d4b2b,98,57,1.1938775510204083,1.719298245614035
cb4ae149-d047-4741-9af0-38dc194140ab,53,29,1.0,1.8275862068965518
cb51be25-0601-4dc5-a0d6-67caf259fb24,41,34,1.0,1.2058823529411764
cb54ac3a-de56-4474-bc08-b6ec637cf925,93,63,1.0,1.4761904761904763
cb5a2a04-67e0-43a3-931e-82500f051082,6032,367,1.723474801061008,16.435967302452315
cb6f5d30-964a-422e-9077-bfa50c4712ec,1759,384,1.367254121660034,4.580729166666667
cb74422e-8608-44be-95b3-c857890d3312,4068,216,2.4333824975417895,18.833333333333332
cbaf77ea-07d8-4c48-bd4b-44b194e6f64e,3538,380,1.2979084228377615,9.310526315789474
cc093ee7-442e-40fa-b6ea-3000320b6a46,298,161,1.389261744966443,1.8509316770186335
cc0e40c7-dad0-494f-9938-4ebace589c43,47,35,1.0,1.3428571428571427
cc2aba5c-8eac-4315-864e-99e0701f9a4e,546,423,1.0,1.2907801418439717
cdd11599-6e36-4d0a-bcf9-6d03fc476b93,32276,1010,2.298704920064444,31.956435643564358
ce3763fc-97a8-4333-b0fd-ffb1b89e7c28,573,187,1.3193717277486912,3.064171122994652
ce4d8855-ad69-4815-861e-43900d1e8966,11359,643,1.5778677700501804,17.665629860031103
ce5d3420-85a9-4612-aa8a-c130ca769c77,2300,369,1.0269565217391305,6.233062330623306
ce8e546a-5a43-4aff-879f-2e5b6a4a01ca,591,392,1.0,1.5076530612244898
ce93b91e-81dc-459d-b7d5-bb38f32f4834,52100,1057,2.6890019193857966,49.290444654683064
ceebf502-2d4a-4719-99a6-91ddd2f7d051,24920,662,2.3465489566613162,37.64350453172205
cf060f59-c3d5-40c8-b0a5-1771a6ab6eed,112,64,1.0,1.75
cf19ac2d-b254-494c-afb3-721f73bcacc2,234,180,1.0,1.3
cf7c2223-c20e-44d2-ae6c-3b49cb2b0efc,5737,501,2.1999302771483356,11.451097804391217
cfb9619c-3783-4ab1-b571-34b2ddd29a4c,38674,843,2.469979831411284,45.87663107947805
cfbbe167-b865-4ae7-9783-287e0641acfc,68,38,1.0,1.7894736842105263
cfd90818-b6bb-4c77-8113-021fd4d21a57,52,36,1.0,1.4444444444444444
cff341b4-7963-4429-b5d0-6d345a37f252,2915,244,2.191080617495712,11.94672131147541
d053e145-82b2-45ef-a4a0-34a06d0218aa,90,69,1.0,1.3043478260869565
d0c46b1c-b283-4178-99d8-790d667b17f1,1646,340,1.5303766707168893,4.841176470588235
d0c719f9-9276-43bc-a73f-a5394af71827,13428,808,1.6111111111111112,16.61881188118812
d1283556-21cf-4a91-bd54-d96433761c7f,1082,598,1.3040665434380776,1.8093645484949832
d147eecf-31ed-4716-9119-73a1ead3a7cc,903,92,1.4750830564784052,9.815217391304348
d29583dd-f630-481f-aaf0-8dfcb4bfefa9,681,269,1.0,2.5315985130111525
d336684c-3c5b-4d00-bbfe-0fd128c43a8e,54,33,1.0,1.6363636363636365
d33febe8-817a-455a-a5e6-7b1be7d92398,246,26,1.508130081300813,9.461538461538462
d3861e85-5775-4d87-b736-7b228f1d196a,15725,771,1.6506200317965023,20.395590142671853
d38cbfb6-1203-458f-909a-6b2d39cc8896,8372,433,1.4479216435738176,19.33487297921478
d46d0f28-50a2-4390-af38-f9c221963b76,110,85,1.0,1.2941176470588236
d4b25d79-1bc3-4f85-960b-04e76e7e6efa,5468,708,1.209400146305779,7.72316384180791
d4c85d3b-d35f-4961-9f81-bdcaa5799042,263,64,1.064638783269962,4.109375
d4e11986-726d-4308-bfe3-51bad8ff7103,1147,376,1.1194420226678292,3.050531914893617
d51e6d69-b777-4285-846e-32e33b06f2c1,186,95,1.1290322580645162,1.9578947368421054
d5337c9a-1d00-43d6-a6b2-de98526c1f98,20381,602,1.7715028703203965,33.85548172757475
d534a604-a6a6-4d09-9e20-c4d6eae8c04c,7346,598,1.3889191396678464,12.284280936454849
d53bc8c1-c1c3-48cc-a7fd-830c116bf043,2332,174,2.300600343053173,13.402298850574713
d5462a15-b25e-49e6-bcff-5df8a8ef9d24,1217,228,1.6557107641741988,5.337719298245614
d54b76d2-e33c-4340-aada-27bbfea4b748,172,133,1.0,1.2932330827067668
d58168db-f23d-4417-9012-e56406ca4b21,22196,762,1.8153721391241666,29.128608923884514
d5bca10f-d8df-4349-ac88-dc78c05140f1,4926,381,1.422452293950467,12.929133858267717
d60659ff-458e-4568-9625-8cad168ebad8,387,74,1.0,5.22972972972973
d67b36db-fd23-473c-9e78-c025840da52c,283,228,1.0,1.2412280701754386
d6cc0822-2a63-4d81-b96f-4ba014e3ed86,162,65,1.0679012345679013,2.4923076923076923
d758bda1-7ea0-4abf-8d06-824b301971ef,189,144,1.0,1.3125
d7a562a0-ff20-4fb4-ab39-39bd89eaa97d,20449,707,4.044989975059905,28.923620933521924
d7bbf057-72f1-44c5-a6e3-77f30622399d,3289,205,3.2100942535725143,16.04390243902439
d7da51fe-074e-4419-8b1b-1e03a25d0550,50,38,1.0,1.3157894736842106
d7fd3f82-f1a3-4560-a53c-a90e4d4c846b,21271,526,3.609750364345823,40.43916349809886
d85dc881-93e4-4561-a2c4-60966da578d7,16268,878,2.0569215638062452,18.528473804100226
d8df999a-cca1-423c-b434-aea1d5a8fa20,802,463,1.0049875311720697,1.732181425485961
d8e3403e-95b4-4c2f-8518-41e5869f36e4,315,130,1.107936507936508,2.423076923076923
d9661894-604a-45f4-97a0-d7f704a5b9a8,2454,435,1.504482477587612,5.641379310344828
d9b075a0-9b7b-416a-9a3f-e60c16a32914,693,357,1.3232323232323233,1.9411764705882353
d9b44b54-57ff-4650-9b6d-7be4d55d6700,477,162,1.0440251572327044,2.9444444444444446
d9b62862-2897-4364-ab56-b3062cf45558,8830,452,1.3893544733861836,19.535398230088497
d9db5c51-7477-4bcc-b370-73bb9c461848,29630,824,1.9653729328383396,35.95873786407767
d9f1acb0-8fc5-4448-939f-9f9199f24fbc,7202,517,2.0056928630935853,13.93036750483559
da01093a-cf4b-43ea-80c5-3e1357791da5,28432,586,4.208814012380416,48.51877133105802
da0277bd-ba0b-4802-bd74-e9509f096eb5,1734,277,1.154555940023068,6.259927797833935
da0da6b3-5b7a-4e54-b231-16d564cd2f02,19811,500,4.088284286507496,39.622
da3eb35c-4fe8-4b38-b7bb-3eaf800c2dce,31646,1021,2.1354041585034444,30.995102840352594
da4f85d3-a27c-489f-a016-d4982caa4202,582,317,1.3556701030927836,1.83596214511041
da97cecc-04b5-4791-8b47-9771c018ff0d,5071,453,1.3642279629264444,11.194260485651213
dad2a04d-e156-4eb2-a1f4-36fc076dd97b,110,62,1.0,1.7741935483870968
db07386d-5449-4481-9243-bc33ace6cc36,32925,936,3.497403189066059,35.17628205128205
db37c5a8-eb6c-4683-b952-335e5528af1c,4124,244,1.6185741998060135,16.901639344262296
db7dbb77-5b2f-45d9-b0f1-cadd3dc86e96,7198,711,1.7114476243400945,10.123769338959212
dbbe6ad5-4c8e-4176-a6b5-ba13a680b024,594,252,1.1902356902356903,2.357142857142857
dc440a1f-f286-4a52-8338-d44e89d07d6a,12339,332,8.974795364292081,37.16566265060241
dc71cd53-9f4a-4a65-8a22-511e45fa88af,2716,919,1.024300441826215,2.955386289445049
dca8c5b5-4b31-4dde-8fe3-c7b5208275eb,39544,1060,2.0290309528626342,37.30566037735849
dcf9c703-36a8-49c3-8be0-9fc2aef0766c,15,3,1.4666666666666666,5.0
dd508322-7b22-43b6-8f3f-7c8e2ef78815,134,73,1.208955223880597,1.8356164383561644
dd960437-a2bc-44ae-b2be-51011eb74b76,1667,312,1.0941811637672465,5.342948717948718
ddbcf386-d33f-499b-8f29-c20e6c9d5ccb,4854,605,1.1928306551297898,8.023140495867768
de853a32-bab1-41d7-9a92-38b63df60782,197,123,1.0,1.6016260162601625
deae39a1-f29d-4da9-8d3f-91f384ee3401,579,256,1.0,2.26171875
def986e4-cac2-4c85-b05b-ff4c96a96164,242,84,1.1942148760330578,2.880952380952381
df08bb3c-9a99-4db9-adaf-4c479c10040b,538,418,1.0,1.2870813397129186
df27fdbb-f88a-4963-9b89-0e0d3691e3c3,2384,299,1.9043624161073827,7.973244147157191
df3ab1d0-1030-40ed-87ab-8efd89dda09c,141,53,1.070921985815603,2.660377358490566
df755d16-09c3-4271-b198-15594fb32745,141,33,1.127659574468085,4.2727272727272725
df7e4b4b-09c7-468e-b448-2aead95105b6,1461,101,3.648186173853525,14.465346534653465
df87ece6-8de4-44b1-ba9e-63fad562593b,454,75,1.6387665198237886,6.053333333333334
df976b21-5317-4487-9cf0-2ff7b905d942,954,107,1.3406708595387842,8.91588785046729
dfe9905f-4221-4529-952c-3c79bda0a195,434,171,1.032258064516129,2.538011695906433
e02a8fd3-6197-4214-a501-298f8e749c4b,611,392,1.0,1.558673469387755
e05075a3-19ae-42ae-aabe-f80dc67304e5,210,74,1.2904761904761906,2.8378378378378377
e056a6dd-35d4-4504-a166-b19c5fd309e2,92,39,1.0,2.358974358974359
e073888f-51bc-4fbd-96d1-166dd1c3469e,4068,311,1.2672074729596854,13.080385852090032
e09b85af-ed15-46ed-bb1f-eed74615e8a2,48,29,1.0833333333333333,1.6551724137931034
e11837a2-1441-45c2-9769-b339f4f4c8b0,22815,960,1.5339469647161954,23.765625
e174cddc-8234-403b-afce-15104ea8653b,290,154,1.293103448275862,1.8831168831168832
e19c8e20-206d-438b-9bf2-04901e5c81b4,25058,768,3.7686567164179103,32.627604166666664
e1fd91b1-770c-47f1-a5de-cfed4aba0731,5093,247,3.5939524838012957,20.619433198380566
e235f92c-918c-424f-96c7-6c6b2df69670,505,79,1.6772277227722772,6.3924050632911396
e23c24eb-7b0c-4abb-8de5-3da2c2bbd77f,1582,184,2.713653603034134,8.597826086956522
e2627296-ffcf-45eb-b18a-ea52e7a6f184,64,32,1.25,2.0
e2a58c79-7c1c-4187-bf98-e2b2816d411d,237,144,1.0,1.6458333333333333
e2dce6d9-0713-4084-ae13-439f79999b1f,37320,958,4.131832797427653,38.95615866388309
e30ba0b7-e00c-4465-91ae-3df038961ef9,2133,365,1.217065166432255,5.843835616438356
e32be79b-9928-4bb8-9462-3e6e9e643a5f,5515,353,2.8029011786038076,15.623229461756374
e374fc7a-d4e5-4d0f-9eaf-df9c2290e757,428,313,1.0,1.3674121405750799
e37a02e4-f0bd-451c-8dd0-2d25d123f191,6982,772,2.2987682612431968,9.044041450777202
e3927295-62a3-4a3a-9d80-b1ddc082a454,126,86,1.0,1.4651162790697674
e3f26787-3b5b-4a69-b497-9ce4b0954788,119,55,1.0,2.1636363636363636
e425f6b5-46d1-4d4d-9deb-b3c55275ea01,1580,257,2.550632911392405,6.147859922178989
e442a6c1-dcb5-42f1-9fb8-085fe2817395,13246,502,2.7410539030650765,26.38645418326693
e44454fc-0309-4419-b135-78a8e567367f,42472,936,4.519401017140704,45.376068376068375
e495958f-6c74-40cd-b29b-cdbb5634e108,1238,89,2.747172859450727,13.910112359550562
e4a8d9d5-f9b3-4f89-9879-49f27a1fe16e,2459,486,1.4046360309068726,5.059670781893004
e4d60745-5bbe-4eab-a7ee-be2e8992edeb,364,210,1.0,1.7333333333333334
e5037239-6394-4042-8319-13dbebc40aa6,22,11,1.0,2.0
e503d31c-378a-4917-a20e-16fc2f55e252,937,284,1.119530416221985,3.2992957746478875
e53d05fd-34fe-4209-9987-a901ec646b00,792,175,1.3169191919191918,4.525714285714286
e5718e48-13c8-4f39-a878-c839b62f77ec,261,164,1.0,1.5914634146341464
e5942d77-d25d-4cc9-a8b1-548c988fea17,1827,279,1.2271483305966064,6.548387096774194
e6335a0d-92b1-437f-b404-1ecdb72769ef,8503,320,3.349170880865577,26.571875
e63cce30-372f-4ad7-921c-8d01282ae960,656,233,1.2164634146341464,2.815450643776824
e6ce405e-4f3d-44d1-bec1-cf7604a6d299,17682,532,1.9041398031896843,33.23684210526316
e6e7c389-b7a4-4c40-93df-870ef0ccfa76,308,233,1.0,1.3218884120171674
e700a5a6-fb3d-4c47-9586-625c8945cb6a,17417,868,1.7939943733134294,20.06566820276498
e715b6a1-7475-4b65-894d-594b5ab34214,7814,412,1.7160225236754543,18.966019417475728
e747520f-0c04-4d09-adab-b68103b1041f,26369,733,2.1598088664719937,35.97407912687585
e75f8562-c8c2-4571-b5da-34acca45e417,36885,914,2.21604988477701,40.35557986870897
e795859b-20df-48fe-9f18-d22a32fb9e47,4115,553,1.5897934386391253,7.44122965641953
e7e70c82-fffe-4d7e-8bb4-d5b4fcbce188,372,289,1.0,1.28719723183391
e85488b8-92d5-4774-a475-4e9b3e81b139,31528,889,2.3710352702359807,35.46456692913386
e86bfd2a-0d3e-40c3-b90e-d6be3d230b3d,60,47,1.0,1.2765957446808511
e89c460f-5dcf-444b-bc43-14e6589826f2,1526,334,1.2562254259501966,4.568862275449102
e8aeb658-8280-4a06-a09f-fccd800be222,686,300,1.0787172011661808,2.2866666666666666
e9c82718-19f5-4776-abee-17f787d01d72,4862,294,1.6735911147675853,16.537414965986393
e9cab00c-6d21-4a0d-bdb5-8bc9790e2d63,24697,821,1.9210835324128437,30.081607795371497
e9cbc277-c663-4b21-9054-ac059441cd43,258,96,1.1007751937984496,2.6875
ea455b1b-0b88-470a-a3bc-195964520540,3597,639,1.0925771476230193,5.629107981220657
eaafc64e-81fb-4217-902e-e3eca6d6e01c,2909,317,1.3808869027157098,9.176656151419559
eadf9480-6294-4d5c-9c81-dae96a303155,5633,434,1.8593999644949406,12.97926267281106
eb15ac75-2e58-4371-a678-a8d613ab04a0,159,128,1.0,1.2421875
eb1e2cce-dda4-4d17-9c0b-7bf9e69ec751,13619,352,4.079374403407005,38.69034090909091
eb283e66-689f-4b20-87a5-7e35288c4f6a,29855,803,1.9731033327750795,37.179327521793276
eb28506d-bb9a-41a9-a89b-47db3ba26863,98578,1051,7.595731299072815,93.79448144624168
eb661a60-1917-49b2-b823-c1da62a2f50e,20,15,1.0,1.3333333333333333
eb7a6f4c-50be-48a7-8256-a444ebd9fcf4,928,227,1.0678879310344827,4.0881057268722465
eb812a45-1aec-4b30-aaa6-18340143195a,43655,1054,1.9702210514259535,41.418406072106265
eba4a49a-93f2-45fb-aae1-7f197e4f8b47,588,170,1.227891156462585,3.458823529411765
ebb79865-0d47-4f0a-9ec0-c93a1c93aaf3,135,109,1.0,1.238532110091743
ebe732eb-5fd0-4d00-8d36-487c13d222c9,746,211,1.029490616621984,3.5355450236966823
ec26682d-eb1f-445c-a9b4-b2eb70f5264c,421,284,1.0,1.482394366197183
ec4f26d4-61da-4cac-8069-6cd317c2a915,10333,626,1.688860930997774,16.50638977635783
ecd3afa9-25f1-4d9c-a404-2a739d94ee92,28188,845,2.7126436781609193,33.3585798816568
ed266b48-d53d-4449-a4f5-46fc39a89477,5474,208,3.4203507489952503,26.317307692307693
ed48e61c-614a-42f3-ab5c-29fc311c0ffb,503,89,1.4353876739562623,5.651685393258427
ed58f3a3-595c-42df-8365-1847cf3fbc87,945,133,1.1301587301587301,7.105263157894737
ed7f2a7c-5f00-413f-b909-e28dc3d379e7,37745,1047,1.9287322824215127,36.05062082139446
edb6e06b-c17a-41f0-9a3e-96a658d81919,306,183,1.0,1.6721311475409837
edcdc047-9c39-4290-b02b-8baec9a44a59,7286,323,1.9158660444688445,22.557275541795665
ede792f5-e27e-45ab-9d7a-cabc3a3c6152,10,4,1.0,2.5
edfa4787-4527-4688-8025-870930bb7646,22752,749,2.8592211673699017,30.376502002670225
edfece01-29b1-46a6-9feb-3a4c45b87e3b,166,105,1.0,1.5809523809523809
ee4b1e15-4c10-427f-b4d9-34ec07bfb39e,600,82,1.9933333333333334,7.317073170731708
ee8fc66c-d2ca-40d2-8a99-07af70cd8c22,681,290,1.0,2.3482758620689657
eed2b44d-d0b0-4f23-95f3-aaa41870f611,10378,461,6.3732896511852,22.5119305856833
ef08eb1c-2936-423d-a86b-41a357fb2c1f,7574,646,1.5621864272511223,11.724458204334365
efeec073-d5fd-41fd-9133-13ddb4199cc8,8174,333,1.9071446048446292,24.546546546546548
eff81777-02ef-41b5-87a5-24619fdd478a,1686,259,1.1785290628707,6.5096525096525095
f037b7db-c7a7-4847-a07c-086a1538a2cf,28,18,1.0,1.5555555555555556
f04ff48d-e088-48be-97b2-9fe079b131f6,12637,705,1.8490147978159372,17.92482269503546
f08317a0-cba9-4fcd-8cbf-7b34194aa927,20535,864,2.4560506452398343,23.76736111111111
f08eca0b-a59c-4513-a997-9a942b1ba46a,3871,248,5.545337122190649,15.608870967741936
f09815bd-39f4-4c72-981f-c644fd272217,11309,723,1.5687505526571757,15.6417704011065
f0ac90b1-53dc-4225-b954-b45a07bac356,19400,568,1.9367525773195877,34.15492957746479
f0e3b9d8-0168-4bfb-bb5f-bd16d4acc8b3,6676,276,2.962702216896345,24.18840579710145
f139a6d9-7371-45dd-8111-6c8e31dcb21a,2893,871,1.0103698582786036,3.3214695752009185
f17df47e-425e-4bcd-ad05-83287ffc9d4d,71,49,1.0,1.4489795918367347
f19fd4ef-8c40-4ec2-99e5-4446fb947123,8104,304,2.419299111549852,26.657894736842106
f1ae82eb-a6a2-49c9-89f0-37e5623e0d12,431,259,1.0,1.664092664092664
f1d6d3b5-0a5b-4e35-b0a6-329f2a704e3f,403,231,1.0,1.7445887445887447
f1f166f0-86fe-4abb-a0da-7a79060070ed,774,196,1.0322997416020672,3.9489795918367347
f23f4c38-8990-47f0-ac50-b6855cd60809,1647,442,1.2689738919247116,3.726244343891403
f25d75ac-fe98-4565-a2bb-8277a8ece15c,9610,883,1.7978147762747139,10.88335220838052
f28f3a09-3541-4126-9573-918d3b59e4ee,80,44,1.0,1.8181818181818181
f2aa2636-9a56-46dc-95ba-da139a47b7ed,306,189,1.0,1.619047619047619
f2d2efa7-2526-4bbb-a1e4-018bd4ab9eaa,8812,1044,1.2669087607807534,8.440613026819923
f2e39d9b-a29c-453f-b314-3061b1e2d196,23632,909,1.916553825321598,25.997799779978
f2f33420-8fac-458d-b10b-6fe5380da500,432,53,1.3333333333333333,8.150943396226415
f2fee31e-fc0b-40fc-8acd-527e6c9fdb62,35381,965,2.7147338967242307,36.664248704663216
f315854d-323e-443a-ab0c-9e6b883d7ede,117,60,1.0,1.95
f3641a2d-24a2-4597-86c9-848af329957c,12283,588,1.406578197508752,20.889455782312925
f37d18e8-af9a-4b06-a7ee-8adfe3bbca0e,388,234,1.059278350515464,1.6581196581196582
f3e87370-4da0-46cc-88cc-7d5109639912,35315,768,2.4130256265043184,45.983072916666664
f409b504-8383-4a30-8294-8377f6028c4e,11001,689,1.874193255158622,15.966618287373004
f45e7eba-c13e-49bc-88bd-1c380fc8daba,723,142,1.1894882434301521,5.091549295774648
f4749c22-6a32-4a2d-bcbb-3181e85be9a3,679,138,1.2091310751104565,4.920289855072464
f51165c2-d3db-4ed3-a8e8-aa37ef2507f6,1472,366,1.3138586956521738,4.021857923497268
f53eb912-b1d7-40b5-b551-97c54902eefe,724,42,6.05939226519337,17.238095238095237
f564e66f-a775-415f-b1ff-39d51e9ba011,389,94,1.0668380462724936,4.138297872340425
f5951d06-bfa3-4c23-93a8-66c40f951d2d,1989,313,1.1885369532428356,6.354632587859425
f6170c19-8224-4082-9b8f-0075d7c1b25c,43239,1060,4.398598487476583,40.79150943396226
f6c32dbd-50b5-435f-a885-13e67dc33574,4437,953,1.254676583276989,4.6558237145855195
f71ef727-bea4-497f-8d1c-b4e7d1876459,70470,873,3.6869447992053357,80.72164948453609
f81d29bb-0da2-4c47-a13a-aba852f632dc,4885,416,1.9561924257932446,11.742788461538462
f82e6edd-bbf4-4339-ae5b-444a1d7fdc10,850,201,1.0,4.2288557213930345
f85d311c-4869-40e8-8bed-1cda0cb917ae,423,213,1.3356973995271868,1.9859154929577465
f8b90dcc-8716-44bb-9de8-29f67b587aa9,40154,804,2.8744583354086766,49.94278606965174
f952f8cb-6964-4165-9ddd-033cbda0cf89,14351,737,1.3918890669639747,19.472184531886025
f9872b98-e35a-4212-aa0d-61bc23d9acc7,165,97,1.1757575757575758,1.7010309278350515
fa2e20b9-1a76-42e0-9461-bb7b4d898e10,412,198,1.0,2.080808080808081
fa35573d-b094-481b-bea3-a424edc6987e,40,26,1.0,1.5384615384615385
fa67fff7-646f-4a16-a349-1edc507a264e,3423,318,1.8112766579024249,10.764150943396226
fa817b35-dc21-4db9-9e10-4849cb006f2a,3316,566,1.2436670687575393,5.858657243816254
faeab7d0-3e55-4045-b346-82363b77362a,1001,546,1.3266733266733266,1.8333333333333333
faf34638-03ef-45ce-8f37-0c4a163955f7,79,28,1.0886075949367089,2.8214285714285716
fb31c503-7959-47bf-a2b1-9c3461d038cd,4168,488,1.3709213051823417,8.540983606557377
fba69d34-d817-4878-be68-2e4095cf6826,286,181,1.0,1.580110497237569
fbdefc34-1615-4f74-9c04-cb7383292e9c,1941,361,1.598145285935085,5.376731301939058
fbf52f3f-3b06-44ae-a9cf-d433ad6060a6,175,67,1.0742857142857143,2.611940298507463
fc17055d-3d76-43fd-91c0-849f52fcaec0,78,51,1.0,1.5294117647058822
fc4f8ae5-d41d-4de7-94ab-70e0d2842727,57,45,1.0,1.2666666666666666
fc5b47c3-2b2f-47b6-b654-5ab60c028f01,500,209,1.094,2.3923444976076556
fc5f8470-8944-451e-8060-23a5cda7165f,19,15,1.0,1.2666666666666666
fc5f9b55-08c8-4224-baa6-995b2efb63f6,7515,348,1.5825681969394545,21.594827586206897
fcee4fe6-2a81-413e-8a8e-0571a7be25d6,575,305,1.2817391304347827,1.8852459016393444
fcf13be7-7319-47d1-8715-d09b8e4aed38,868,217,1.3087557603686637,4.0
fd38ea27-b9b7-49e9-acf7-9d9392a884ab,157,87,1.0,1.8045977011494252
fd4866e1-ed1e-45e2-b4a0-5ba7e056b2cb,47619,722,4.537558537558538,65.95429362880887
fdfafcbf-7620-4bc9-95db-edd5089b1589,13129,564,2.3480843933277478,23.27836879432624
fe2f22c3-627c-40bf-b8ab-d0f98288fbed,5932,322,1.2889413351314902,18.422360248447205
fe83457f-c670-40eb-ab34-34eb8a8abcff,4703,698,1.2634488624282374,6.737822349570201
fea8d5e2-6860-4844-880c-fc6206ad781f,54,27,1.0,2.0
febdcaf2-69c0-42ae-86f2-aac53d1a310c,572,72,1.1923076923076923,7.944444444444445
fed3d4d6-b623-46af-b591-47bd864304dc,29,8,1.4482758620689655,3.625
ff008227-a514-4562-bf4d-4c39194d70fe,39026,793,2.8516629939015017,49.21311475409836
ff0e0c37-6039-4d8d-9848-1146b7e652f1,1530,268,1.6856209150326797,5.708955223880597
ff59d170-20bd-485c-84f7-1e47ea6bf549,526,126,1.1406844106463878,4.174603174603175
ff5eb87c-6fe2-405b-83e1-2aac71307708,1066,305,1.1529080675422139,3.495081967213115
ff83bb5e-17fb-46d1-8038-1c3deba073be,11472,613,2.5078451882845187,18.71451876019576
ffa06013-4435-4b34-b0af-e2b48252b68c,369,206,1.0,1.7912621359223302
ffcf47f6-171a-408a-b942-86f863edd162,13212,566,4.031183772328187,23.342756183745582
fff1e680-b23b-4b58-8d30-7fc8f0ece4ec,83,64,1.0,1.296875
